"split","class","patient_id","relative_path"
"train","exo_V","20181227fang-jin-xuan","exo_V\20181227fang-jin-xuan.png"
"val","exo_no","20201224zhu-lin-shu","exo_no\20201224zhu-lin-shu.png"
"val","exo_no","20180208bian-jian-ping","exo_no\20180208bian-jian-ping.png"
"train","exo_V","20180507yu-he-qian","exo_V\20180507yu-he-qian.png"
"val","exo_no","20180712cheng-chun-ming","exo_no\20180712cheng-chun-ming.png"
"train","exo_no","20201207lu-yi-chen","exo_no\20201207lu-yi-chen.png"
"test","exo_A","20170828zhu-yuan-yuan","exo_A\20170828zhu-yuan-yuan.png"
"val","dvd_no","20190715ye-ao-cheng","dvd_no\20190715ye-ao-cheng.png"
"train","exo_V","20180813li-ling-xuan","exo_V\20180813li-ling-xuan.png"
"val","exo_no","20181011chen-yu-ze","exo_no\20181011chen-yu-ze.png"
"val","exo_V","20201221wang-wan-yue","exo_V\20201221wang-wan-yue.png"
"val","dvd_no","20190729lin-song-tao","dvd_no\20190729lin-song-tao.png"
"train","eso_no","20200723fan-si-qi","eso_no\20200723fan-si-qi.png"
"train","eso_no","20170323yao-ming-zhe","eso_no\20170323yao-ming-zhe.png"
"train","exo_no","20181227guan-li-yun","exo_no\20181227guan-li-yun.png"
"train","exo_no","20201228tang-hao-ran","exo_no\20201228tang-hao-ran.png"
"val","exo_no","20170605zhao-si-yuan","exo_no\20170605zhao-si-yuan.png"
"train","exo_no","20200928jiang-yu-jia","exo_no\20200928jiang-yu-jia.png"
"train","exo_no","20190110mao-xin-rui","exo_no\20190110mao-xin-rui.png"
"train","exo_no","20180205yang-ao-qing","exo_no\20180205yang-ao-qing.png"
"train","eso_no","20190808gao-shang","eso_no\20190808gao-shang.png"
"train","dvd_no","20181101lin-yi-fan","dvd_no\20181101lin-yi-fan.png"
"train","exo_V","20170306yuan-chen-hui","exo_V\20170306yuan-chen-hui.png"
"train","exo_no","20190718xu-ling-yu","exo_no\20190718xu-ling-yu.png"
"train","eso_no","20190916hu-wan-meng","eso_no\20190916hu-wan-meng.png"
"train","exo_no","20200817luo-yi-fei","exo_no\20200817luo-yi-fei.png"
"val","exo_A","20190808xiong-zi-han","exo_A\20190808xiong-zi-han.png"
"train","exo_V","20201210wang-hou-le","exo_V\20201210wang-hou-le.png"
"train","eso_no","20171204liu-liang-ji","eso_no\20171204liu-liang-ji.png"
"train","exo_no","20170626pan-jia-ying","exo_no\20170626pan-jia-ying.png"
"train","exo_no","20180312chen-si-yuan","exo_no\20180312chen-si-yuan.png"
"train","eso_V","20170116niu-yue","eso_V\20170116niu-yue.png"
"train","exo_no","20180125zhang-xi-zhe","exo_no\20180125zhang-xi-zhe.png"
"train","exo_no","20170713han-yu-hao","exo_no\20170713han-yu-hao.png"
"test","exo_V","20180726zheng-rui-ting","exo_V\20180726zheng-rui-ting.png"
"train","exo_no","20200720zhu-ya-nan","exo_no\20200720zhu-ya-nan.png"
"test","exo_V","20180208qiao-yun-hao","exo_V\20180208qiao-yun-hao.png"
"train","exo_V","20191216wu-si-ning","exo_V\20191216wu-si-ning.png"
"train","eso_no","20200330jin-yi-han","eso_no\20200330jin-yi-han.png"
"train","exo_V","20180125li-ming-xin","exo_V\20180125li-ming-xin.png"
"train","exo_no","20201228xu-ruo-lan","exo_no\20201228xu-ruo-lan.png"
"val","exo_no","20191028hu-mo-ran","exo_no\20191028hu-mo-ran.png"
"train","exo_no","20180129chen-ming-zhi","exo_no\20180129chen-ming-zhi.png"
"train","eso_no","20170227fu-tian-jian","eso_no\20170227fu-tian-jian.png"
"val","dvd_no","20180709pan-yi-fan","dvd_no\20180709pan-yi-fan.png"
"train","exo_no","20200813gao-shi-lang","exo_no\20200813gao-shi-lang.png"
"train","exo_no","20190826dai-ying-jie","exo_no\20190826dai-ying-jie.png"
"train","eso_V","20170828zhu-jun-wei","eso_V\20170828zhu-jun-wei.png"
"train","dvd_no","20201231huang-rui-qi","dvd_no\20201231huang-rui-qi.png"
"train","exo_no","20190418chen-le-yao","exo_no\20190418chen-le-yao.png"
"train","exo_A","20210415wang-yue-ming","exo_A\20210415wang-yue-ming.png"
"test","exo_no","20190124xu-wei-qi","exo_no\20190124xu-wei-qi.png"
"train","eso_no","20201026yu-zi-hao","eso_no\20201026yu-zi-hao.png"
"train","exo_no","20180919wang-fei","exo_no\20180919wang-fei.png"
"train","eso_no","20170928zhou-si-qi","eso_no\20170928zhou-si-qi.png"
"train","eso_no","20170323cen-xin-ze","eso_no\20170323cen-xin-ze.png"
"train","exo_A","20180531qu-jing-yao","exo_A\20180531qu-jing-yao.png"
"train","exo_no","20180510lu-guang-yi","exo_no\20180510lu-guang-yi.png"
"val","exo_no","20181119niu-zhi-heng","exo_no\20181119niu-zhi-heng.png"
"train","eso_no","20190107cao-zheng-yang","eso_no\20190107cao-zheng-yang.png"
"train","exo_no","20170413shen-hao-cheng","exo_no\20170413shen-hao-cheng.png"
"train","exo_V","20180716ma-yuan-xiang","exo_V\20180716ma-yuan-xiang.png"
"train","exo_no","20190128gu-yu-shi","exo_no\20190128gu-yu-shi.png"
"train","exo_no","20180329cao-yu-xin","exo_no\20180329cao-yu-xin.png"
"train","exo_no","20181101shi-yu-hang","exo_no\20181101shi-yu-hang.png"
"train","eso_no","20191202huang-zi-mo","eso_no\20191202huang-zi-mo.png"
"train","exo_V","20190121li-meng-yi","exo_V\20190121li-meng-yi.png"
"train","exo_V","20190218gao-can","exo_V\20190218gao-can.png"
"train","exo_no","20200907zhou-qin-ruo","exo_no\20200907zhou-qin-ruo.png"
"train","exo_no","20210308yang-xin-lei","exo_no\20210308yang-xin-lei.png"
"val","exo_no","20170706zhang-yi-xin","exo_no\20170706zhang-yi-xin.png"
"val","eso_no","20180809zhang-fu-rong","eso_no\20180809zhang-fu-rong.png"
"train","exo_V","20170824zhu-xin-yi","exo_V\20170824zhu-xin-yi.png"
"train","eso_V","20180705fang-tian-yu","eso_V\20180705fang-tian-yu.png"
"train","exo_no","20200914wei-shi-jia","exo_no\20200914wei-shi-jia.png"
"train","eso_no","20200106song-yu-hui","eso_no\20200106song-yu-hui.png"
"train","exo_no","20190121luo-yu-qing","exo_no\20190121luo-yu-qing.png"
"train","eso_no","20190905zhang-xin-yan","eso_no\20190905zhang-xin-yan.png"
"train","dvd_no","20171221liu-en-hao","dvd_no\20171221liu-en-hao.png"
"train","exo_V","20180809zhang-kun-lun","exo_V\20180809zhang-kun-lun.png"
"train","exo_V","20210118li-yu-hang","exo_V\20210118li-yu-hang.png"
"train","eso_no","20180125huang-yi-chen","eso_no\20180125huang-yi-chen.png"
"train","exo_no","20180927zhang-yu-han","exo_no\20180927zhang-yu-han.png"
"train","exo_no","20200921yang-wen-wen","exo_no\20200921yang-wen-wen.png"
"train","exo_V","20171207zhu-cong-yan","exo_V\20171207zhu-cong-yan.png"
"train","eso_no","20170615qian-yi-xuan","eso_no\20170615qian-yi-xuan.png"
"train","exo_V","20181129lv-xin-meng","exo_V\20181129lv-xin-meng.png"
"train","exo_V","20180517xing-yi-lin","exo_V\20180517xing-yi-lin.png"
"train","exo_V","20171221wu-yi-yu","exo_V\20171221wu-yi-yu.png"
"train","exo_V","20170406hu-zhen-xi","exo_V\20170406hu-zhen-xi.png"
"train","exo_no","20180809zhang-zhi-yu","exo_no\20180809zhang-zhi-yu.png"
"train","eso_no","20180910pan-zi-xin","eso_no\20180910pan-zi-xin.png"
"test","eso_no","20180305weng-xiao-feng","eso_no\20180305weng-xiao-feng.png"
"train","exo_V","20170330tong-zi-han","exo_V\20170330tong-zi-han.png"
"train","exo_no","20200115jiang-xin-xian","exo_no\20200115jiang-xin-xian.png"
"test","exo_V","20210408xing-xiu-rui","exo_V\20210408xing-xiu-rui.png"
"train","exo_no","20180129xie-yi-nuo","exo_no\20180129xie-yi-nuo.png"
"train","exo_no","20210415deng-qi-yue","exo_no\20210415deng-qi-yue.png"
"train","exo_no","20190718dong-yu-xin","exo_no\20190718dong-yu-xin.png"
"train","exo_no","20180816liu-si-yuan","exo_no\20180816liu-si-yuan.png"
"train","eso_V","20210408yang-yi-nuo","eso_V\20210408yang-yi-nuo.png"
"val","exo_no","20200824wang-zi-hao","exo_no\20200824wang-zi-hao.png"
"train","eso_no","20200109chen-xiang-jian","eso_no\20200109chen-xiang-jian.png"
"train","exo_no","20200709zhu-yi-chen","exo_no\20200709zhu-yi-chen.png"
"val","eso_no","20190520zhang-zhao-jun","eso_no\20190520zhang-zhao-jun.png"
"train","exo_V","20190131wu-yi","exo_V\20190131wu-yi.png"
"train","exo_no","20190718yang-zi-yue","exo_no\20190718yang-zi-yue.png"
"test","exo_no","20191111mou-jin-sheng","exo_no\20191111mou-jin-sheng.png"
"train","exo_no","20180919chen-ling-ling","exo_no\20180919chen-ling-ling.png"
"train","exo_no","20170724zhang-kun","exo_no\20170724zhang-kun.png"
"train","exo_V","20191202xue-qian-rui","exo_V\20191202xue-qian-rui.png"
"train","exo_no","20200706cai-xin-yue","exo_no\20200706cai-xin-yue.png"
"train","exo_no","20210308zhao-jia-yi","exo_no\20210308zhao-jia-yi.png"
"train","exo_A","20180607huang-shi-qi","exo_A\20180607huang-shi-qi.png"
"train","exo_no","20210301ma-si-yuan","exo_no\20210301ma-si-yuan.png"
"train","exo_no","20170710zhang-jun-ru","exo_no\20170710zhang-jun-ru.png"
"train","exo_no","20180412wang-meng-chen","exo_no\20180412wang-meng-chen.png"
"train","exo_no","20200120lu-ming-jie","exo_no\20200120lu-ming-jie.png"
"train","exo_V","20170626ma-yang-yang","exo_V\20170626ma-yang-yang.png"
"train","exo_V","20170122huang-yi-fan","exo_V\20170122huang-yi-fan.png"
"train","exo_no","20200723ding-yi-yi","exo_no\20200723ding-yi-yi.png"
"train","exo_no","20200928chen-xiao-le","exo_no\20200928chen-xiao-le.png"
"train","eso_no","20181217xie-chen-hang","eso_no\20181217xie-chen-hang.png"
"train","exo_no","20201015tian-yu-xuan","exo_no\20201015tian-yu-xuan.png"
"train","exo_no","20170713zhang-zi-mo","exo_no\20170713zhang-zi-mo.png"
"train","exo_no","20170629li-rui-bing","exo_no\20170629li-rui-bing.png"
"train","exo_V","20170911yin-hao","exo_V\20170911yin-hao.png"
"train","exo_no","20180301liang-yao-xiang","exo_no\20180301liang-yao-xiang.png"
"test","dvd_no","20180910cai-yun-na","dvd_no\20180910cai-yun-na.png"
"train","exo_no","20200907zhao-wen-hao","exo_no\20200907zhao-wen-hao.png"
"train","exo_no","20180301sun-zhen-xuan","exo_no\20180301sun-zhen-xuan.png"
"test","exo_V","20170717xu-zhi-kang","exo_V\20170717xu-zhi-kang.png"
"val","exo_no","20190819wei-ming-se","exo_no\20190819wei-ming-se.png"
"train","exo_V","20170122chen-ke-xin","exo_V\20170122chen-ke-xin.png"
"val","eso_no","20200507tang-ji-rong","eso_no\20200507tang-ji-rong.png"
"train","eso_no","20200907chen-le-shi","eso_no\20200907chen-le-shi.png"
"train","exo_no","20180809ji-si-cheng","exo_no\20180809ji-si-cheng.png"
"train","exo_V","20180531xue-wen-xin","exo_V\20180531xue-wen-xin.png"
"train","exo_no","20200806jiang-wen-jie","exo_no\20200806jiang-wen-jie.png"
"test","exo_V","20210304ye-ming-zhu","exo_V\20210304ye-ming-zhu.png"
"train","exo_no","20190930wang-yi-bin","exo_no\20190930wang-yi-bin.png"
"train","exo_no","20200720zhang-rui-ling","exo_no\20200720zhang-rui-ling.png"
"val","eso_no","20170220hu-jia-yan","eso_no\20170220hu-jia-yan.png"
"val","exo_V","20201224zhu-nian-ci","exo_V\20201224zhu-nian-ci.png"
"train","exo_V","20180702gong-qin-bao","exo_V\20180702gong-qin-bao.png"
"train","exo_V","20191111zan-li-jie","exo_V\20191111zan-li-jie.png"
"test","exo_no","20171204feng-meng-yu","exo_no\20171204feng-meng-yu.png"
"train","exo_V","20190131li-meng-yi","exo_V\20190131li-meng-yi.png"
"train","exo_no","20200817xu-guo-wei","exo_no\20200817xu-guo-wei.png"
"train","exo_V","20180830lu-yi-ning","exo_V\20180830lu-yi-ning.png"
"train","exo_no","20201221guo-jun-ning","exo_no\20201221guo-jun-ning.png"
"train","exo_no","20190822wang-an-di","exo_no\20190822wang-an-di.png"
"test","exo_V","20180308niu-meng-yao","exo_V\20180308niu-meng-yao.png"
"train","exo_V","20180823tao-jun-zhe","exo_V\20180823tao-jun-zhe.png"
"train","exo_V","20201130yan-zhen-de","exo_V\20201130yan-zhen-de.png"
"train","exo_no","20180816zhou-zi-yue","exo_no\20180816zhou-zi-yue.png"
"train","exo_no","20190729wei-lai","exo_no\20190729wei-lai.png"
"val","dvd_no","20181022chen-hao-xin","dvd_no\20181022chen-hao-xin.png"
"train","exo_no","20190729zhu-shuang-hui","exo_no\20190729zhu-shuang-hui.png"
"train","exo_no","20200706fu-bei-chen","exo_no\20200706fu-bei-chen.png"
"train","exo_no","20191028zhang-zi-pei","exo_no\20191028zhang-zi-pei.png"
"train","exo_no","20180809wu-zi-hao","exo_no\20180809wu-zi-hao.png"
"val","exo_no","20190218jin-qian-yi","exo_no\20190218jin-qian-yi.png"
"train","eso_no","20181129qian-bei-hai","eso_no\20181129qian-bei-hai.png"
"val","dvd_no","20190909yang-yue-ze","dvd_no\20190909yang-yue-ze.png"
"train","dvd_no","20201019song-zhi-hang","dvd_no\20201019song-zhi-hang.png"
"test","exo_no","20191226cao-han","exo_no\20191226cao-han.png"
"test","exo_V","20190613zheng-yu-chen","exo_V\20190613zheng-yu-chen.png"
"train","exo_V","20170928li-jia-wen","exo_V\20170928li-jia-wen.png"
"train","eso_no","20200521qian-bin-chen","eso_no\20200521qian-bin-chen.png"
"train","exo_no","20180409sun-yu-xuan","exo_no\20180409sun-yu-xuan.png"
"train","exo_no","20180402shen-hong-fei","exo_no\20180402shen-hong-fei.png"
"val","exo_no","20190819li-xin-yi","exo_no\20190819li-xin-yi.png"
"train","exo_no","20200709liu-yu-hang","exo_no\20200709liu-yu-hang.png"
"val","exo_no","20190711jin-ke-xin","exo_no\20190711jin-ke-xin.png"
"train","exo_no","20171116wang-zhi-feng","exo_no\20171116wang-zhi-feng.png"
"train","eso_no","20201221lin-yu-xi","eso_no\20201221lin-yu-xi.png"
"val","exo_no","20170223meng-le-xin","exo_no\20170223meng-le-xin.png"
"test","exo_no","20200727li-ying-ying","exo_no\20200727li-ying-ying.png"
"train","exo_no","20200803wang-yu-cheng","exo_no\20200803wang-yu-cheng.png"
"train","exo_no","20170928chen-xin-ran","exo_no\20170928chen-xin-ran.png"
"train","exo_V","20210329shi-hao-ze","exo_V\20210329shi-hao-ze.png"
"val","exo_V","20180103weng-xin-yu","exo_V\20180103weng-xin-yu.png"
"val","exo_no","20190530zong-zi-meng","exo_no\20190530zong-zi-meng.png"
"train","exo_no","20190718chen-si-yao","exo_no\20190718chen-si-yao.png"
"val","exo_no","20170720mao-yan-ni","exo_no\20170720mao-yan-ni.png"
"train","exo_no","20180305liu-hao-chen","exo_no\20180305liu-hao-chen.png"
"train","exo_no","20200716wu-yu-xin","exo_no\20200716wu-yu-xin.png"
"train","exo_no","20180514xing-wen-ya","exo_no\20180514xing-wen-ya.png"
"test","exo_no","20180122liang-xi-qin","exo_no\20180122liang-xi-qin.png"
"val","exo_no","20210201zhang-jin-xin","exo_no\20210201zhang-jin-xin.png"
"val","exo_no","20200827li-tian-hao","exo_no\20200827li-tian-hao.png"
"val","exo_no","20171009pan-juan","exo_no\20171009pan-juan.png"
"train","dvd_no","20190905liu-yu-ming-xuan","dvd_no\20190905liu-yu-ming-xuan.png"
"train","exo_V","20190829chen-jun-hao","exo_V\20190829chen-jun-hao.png"
"test","eso_no","20190812zhu-meng-yuan","eso_no\20190812zhu-meng-yuan.png"
"val","exo_no","20201109he-hao-ran","exo_no\20201109he-hao-ran.png"
"val","eso_no","20170220wang-zi-qian","eso_no\20170220wang-zi-qian.png"
"test","dvd_no","20190523pan-yi-fan","dvd_no\20190523pan-yi-fan.png"
"train","exo_no","20200618xu-xian-xi","exo_no\20200618xu-xian-xi.png"
"train","eso_no","20180621chen-jia-rui","eso_no\20180621chen-jia-rui.png"
"train","exo_V","20200115tang-zi-han","exo_V\20200115tang-zi-han.png"
"val","eso_no","20180712lin-pei-yu","eso_no\20180712lin-pei-yu.png"
"val","exo_no","20180402yan-jia-lin","exo_no\20180402yan-jia-lin.png"
"train","exo_no","20180301li-xu-ming","exo_no\20180301li-xu-ming.png"
"val","exo_V","20180820liang-yun-qi","exo_V\20180820liang-yun-qi.png"
"train","exo_A","20191209lv-qi-chen","exo_A\20191209lv-qi-chen.png"
"train","exo_no","20201029ran-han-ru","exo_no\20201029ran-han-ru.png"
"test","exo_V","20180809li-jia-ying","exo_V\20180809li-jia-ying.png"
"train","dvd_no","20181105ding-bo-ya","dvd_no\20181105ding-bo-ya.png"
"train","eso_no","20170320lu-qing-yi","eso_no\20170320lu-qing-yi.png"
"test","dvd_no","20191114li-xin-er","dvd_no\20191114li-xin-er.png"
"train","exo_V","20201022tang-xin","exo_V\20201022tang-xin.png"
"val","exo_no","20180621qiu-xing-ran","exo_no\20180621qiu-xing-ran.png"
"test","exo_V","20170511jin-le-yan","exo_V\20170511jin-le-yan.png"
"test","dvd_no","20180201xu-jie","dvd_no\20180201xu-jie.png"
"train","eso_no","20181227jiang-ruo-xi","eso_no\20181227jiang-ruo-xi.png"
"train","exo_no","20170220sun-jin-xuan","exo_no\20170220sun-jin-xuan.png"
"train","exo_no","20180830yang-jia-yi","exo_no\20180830yang-jia-yi.png"
"val","eso_V","20191124zhu-ye-chen","eso_V\20191124zhu-ye-chen.png"
"train","exo_no","20180813xu-nuo","exo_no\20180813xu-nuo.png"
"train","exo_V","20180726lin-lang","exo_V\20180726lin-lang.png"
"train","exo_no","20210121ji-yu-chen","exo_no\20210121ji-yu-chen.png"
"train","exo_no","20180621ding-zi-han","exo_no\20180621ding-zi-han.png"
"train","eso_no","20200409guo-yan","eso_no\20200409guo-yan.png"
"train","eso_V","20210308li-yu-mo","eso_V\20210308li-yu-mo.png"
"train","exo_V","20170629chen-yu-dan","exo_V\20170629chen-yu-dan.png"
"train","exo_no","20171207han-si-yuan","exo_no\20171207han-si-yuan.png"
"train","exo_no","20180503huang-ling-yan","exo_no\20180503huang-ling-yan.png"
"train","exo_no","20190930shi-yue","exo_no\20190930shi-yue.png"
"val","exo_no","20190708jiang-hao-ran","exo_no\20190708jiang-hao-ran.png"
"train","exo_no","20190617liu-jin","exo_no\20190617liu-jin.png"
"val","eso_no","20170406yan-zhao-hui","eso_no\20170406yan-zhao-hui.png"
"val","eso_no","20200427sun-yi","eso_no\20200427sun-yi.png"
"train","exo_no","20191031hou-hao-xuan","exo_no\20191031hou-hao-xuan.png"
"train","exo_no","20190429shang-jia-yue","exo_no\20190429shang-jia-yue.png"
"val","exo_V","20170112jiang-yu-han","exo_V\20170112jiang-yu-han.png"
"train","exo_no","20181008lu-yan-duo","exo_no\20181008lu-yan-duo.png"
"val","exo_V","20170717he-yan-jie","exo_V\20170717he-yan-jie.png"
"test","dvd_no","20170615yu-chen-yang","dvd_no\20170615yu-chen-yang.png"
"train","eso_no","20171120li-cheng-hao","eso_no\20171120li-cheng-hao.png"
"val","exo_no","20190613wu-zhuo-fan","exo_no\20190613wu-zhuo-fan.png"
"val","eso_no","20170105xia-zi-yuan","eso_no\20170105xia-zi-yuan.png"
"train","exo_no","20191114liang-zhuo","exo_no\20191114liang-zhuo.png"
"train","exo_V","20170330ding-yu-jie","exo_V\20170330ding-yu-jie.png"
"train","exo_V","20210315li-xiao-wei","exo_V\20210315li-xiao-wei.png"
"train","exo_no","20181011wu-zhi-jing","exo_no\20181011wu-zhi-jing.png"
"val","exo_V","20180517ma-jun-tong","exo_V\20180517ma-jun-tong.png"
"train","exo_no","20171225liu-chen-kun","exo_no\20171225liu-chen-kun.png"
"train","eso_no","20180823luo-tian-yi","eso_no\20180823luo-tian-yi.png"
"val","eso_no","20200907nian-zi-tong","eso_no\20200907nian-zi-tong.png"
"train","exo_no","20190218li-zheng-yi","exo_no\20190218li-zheng-yi.png"
"train","exo_no","20170720zhong-yu-lan","exo_no\20170720zhong-yu-lan.png"
"val","eso_no","20201221zhou-ning-meng","eso_no\20201221zhou-ning-meng.png"
"train","exo_A","20180510chen-yi-yi","exo_A\20180510chen-yi-yi.png"
"train","eso_no","20170717wang-jun-jie","eso_no\20170717wang-jun-jie.png"
"val","exo_V","20170831gong-zhen","exo_V\20170831gong-zhen.png"
"train","dvd_no","20170504cai-ling-qi","dvd_no\20170504cai-ling-qi.png"
"train","exo_no","20200120wang-meng-ji","exo_no\20200120wang-meng-ji.png"
"val","exo_V","20170828li-ru-zhen","exo_V\20170828li-ru-zhen.png"
"val","dvd_no","20180903shen-cai-wei-xi","dvd_no\20180903shen-cai-wei-xi.png"
"train","eso_no","20180409zheng-jia-yue","eso_no\20180409zheng-jia-yue.png"
"train","eso_no","20180705pei-xin-lei","eso_no\20180705pei-xin-lei.png"
"train","eso_no","20170626ding-yu-ning","eso_no\20170626ding-yu-ning.png"
"train","exo_no","20201029lu-yao","exo_no\20201029lu-yao.png"
"val","exo_no","20170724zou-cheng-shu","exo_no\20170724zou-cheng-shu.png"
"val","exo_no","20180426he-yu-han","exo_no\20180426he-yu-han.png"
"train","exo_A","20200120wang-zi-he","exo_A\20200120wang-zi-he.png"
"train","exo_no","20210318shao-yi-han","exo_no\20210318shao-yi-han.png"
"train","exo_no","20200709shen-jing-yao","exo_no\20200709shen-jing-yao.png"
"test","exo_V","20170911zhang-jin-song","exo_V\20170911zhang-jin-song.png"
"train","eso_V","20170907zhang-yi-yan","eso_V\20170907zhang-yi-yan.png"
"train","exo_no","20200528pan-tao-rui","exo_no\20200528pan-tao-rui.png"
"test","exo_V","20190829wang-yu-yang","exo_V\20190829wang-yu-yang.png"
"train","exo_no","20201029he-shu-xian","exo_no\20201029he-shu-xian.png"
"train","exo_no","20181108wang-ye-xi","exo_no\20181108wang-ye-xi.png"
"train","dvd_no","20190613xia-ping-ping","dvd_no\20190613xia-ping-ping.png"
"train","exo_no","20170608wang-jia-hao","exo_no\20170608wang-jia-hao.png"
"train","exo_no","20180528xue-yi-fan","exo_no\20180528xue-yi-fan.png"
"train","exo_V","20180528wang-jia-le","exo_V\20180528wang-jia-le.png"
"train","exo_V","20170330chen-zi-you","exo_V\20170330chen-zi-you.png"
"train","exo_V","20170921gu-yi-qi","exo_V\20170921gu-yi-qi.png"
"train","exo_V","20170803lu-kai-wen","exo_V\20170803lu-kai-wen.png"
"test","exo_V","20191226wang-jian-xun","exo_V\20191226wang-jian-xun.png"
"train","exo_V","20170810qiu-jia-rong","exo_V\20170810qiu-jia-rong.png"
"train","eso_V","20190429luo-yu-tian","eso_V\20190429luo-yu-tian.png"
"train","exo_V","20180716qiu-xu-chen","exo_V\20180716qiu-xu-chen.png"
"test","eso_no","20191021zhang-qin-yan","eso_no\20191021zhang-qin-yan.png"
"train","eso_no","20180419wang-an-jing","eso_no\20180419wang-an-jing.png"
"train","exo_V","20170525lu-chen-yu","exo_V\20170525lu-chen-yu.png"
"train","exo_no","20200903shao-ke-wei","exo_no\20200903shao-ke-wei.png"
"train","exo_no","20170814yan-qi-hao","exo_no\20170814yan-qi-hao.png"
"train","eso_no","20200413yang-hui-ya","eso_no\20200413yang-hui-ya.png"
"train","exo_no","20200813wang-zhen-ting","exo_no\20200813wang-zhen-ting.png"
"train","exo_V","20190826zhao-qiu-yu","exo_V\20190826zhao-qiu-yu.png"
"train","exo_no","20191223li-jing-fei","exo_no\20191223li-jing-fei.png"
"val","eso_V","20191014li-qiu-yang","eso_V\20191014li-qiu-yang.png"
"train","exo_V","20210111wang-wan-su","exo_V\20210111wang-wan-su.png"
"val","eso_no","20200427zhu-yi-yan","eso_no\20200427zhu-yi-yan.png"
"val","exo_no","20170629di-ya-yi","exo_no\20170629di-ya-yi.png"
"train","exo_no","20190701chen-le-yao","exo_no\20190701chen-le-yao.png"
"val","eso_no","20190930xu-yu-fei","eso_no\20190930xu-yu-fei.png"
"test","exo_no","20170116qi-cheng","exo_no\20170116qi-cheng.png"
"train","exo_V","20180607yang-ze-xiao","exo_V\20180607yang-ze-xiao.png"
"train","eso_no","20170727zhu-jia-chen","eso_no\20170727zhu-jia-chen.png"
"train","eso_no","20210201ma-jing-xuan","eso_no\20210201ma-jing-xuan.png"
"train","exo_V","20170821miao-zi-han","exo_V\20170821miao-zi-han.png"
"train","exo_V","20170821gao-hui-ke","exo_V\20170821gao-hui-ke.png"
"train","exo_no","20190715zhang-zhi-ying","exo_no\20190715zhang-zhi-ying.png"
"val","exo_no","20170928shen-si-ming","exo_no\20170928shen-si-ming.png"
"test","eso_no","20210315zou-run-ling","eso_no\20210315zou-run-ling.png"
"train","exo_V","20170727zheng-an-jie","exo_V\20170727zheng-an-jie.png"
"test","exo_no","20180514wang-hao-zhen","exo_no\20180514wang-hao-zhen.png"
"val","eso_no","20181008shi-ke-ying","eso_no\20181008shi-ke-ying.png"
"train","exo_V","20180830yang-hui-han","exo_V\20180830yang-hui-han.png"
"train","eso_no","20181008xu-zhi-hao","eso_no\20181008xu-zhi-hao.png"
"train","eso_no","20190422chen-shuang-lian","eso_no\20190422chen-shuang-lian.png"
"train","exo_no","20190520shi-jun-yao","exo_no\20190520shi-jun-yao.png"
"val","exo_no","20180322liu-miao-yan","exo_no\20180322liu-miao-yan.png"
"val","eso_V","20170831niu-le-tong","eso_V\20170831niu-le-tong.png"
"test","exo_no","20200604yuan-yi-qi","exo_no\20200604yuan-yi-qi.png"
"val","exo_no","20181022wu-yu-yao","exo_no\20181022wu-yu-yao.png"
"val","exo_V","20170717du-zhong-yu","exo_V\20170717du-zhong-yu.png"
"train","exo_V","20190218yao-zi-hao","exo_V\20190218yao-zi-hao.png"
"train","exo_no","20180621geng-zi-hao","exo_no\20180621geng-zi-hao.png"
"train","eso_V","20201217su-xi-hao","eso_V\20201217su-xi-hao.png"
"train","eso_no","20180802chen-si-tong","eso_no\20180802chen-si-tong.png"
"train","eso_V","20190711zhao-cheng-rui","eso_V\20190711zhao-cheng-rui.png"
"train","eso_no","20190404bi-yi-han","eso_no\20190404bi-yi-han.png"
"val","eso_no","20190729chen-yao-pu","eso_no\20190729chen-yao-pu.png"
"train","exo_no","20200803yao-mu-chen","exo_no\20200803yao-mu-chen.png"
"test","exo_V","20170821wang-dong-fang","exo_V\20170821wang-dong-fang.png"
"train","exo_V","20190408fang-yu-cheng","exo_V\20190408fang-yu-cheng.png"
"val","exo_no","20181203yao-qian-ya","exo_no\20181203yao-qian-ya.png"
"train","eso_no","20170504zhu-chen-xuan","eso_no\20170504zhu-chen-xuan.png"
"val","exo_no","20190819xu-shi-ping","exo_no\20190819xu-shi-ping.png"
"train","exo_V","20210329jia-su-yue","exo_V\20210329jia-su-yue.png"
"train","eso_no","20170411zhang-ya-zhi","eso_no\20170411zhang-ya-zhi.png"
"train","exo_no","20191121xu-qin-yi","exo_no\20191121xu-qin-yi.png"
"val","exo_V","20170511sun-jun-yi","exo_V\20170511sun-jun-yi.png"
"train","eso_V","20201217luo-yi-han","eso_V\20201217luo-yi-han.png"
"train","exo_no","20210204yan-jia-xin","exo_no\20210204yan-jia-xin.png"
"train","eso_no","20180705lin-jia-jia","eso_no\20180705lin-jia-jia.png"
"test","exo_V","20190829fan-bo-wen","exo_V\20190829fan-bo-wen.png"
"val","eso_no","20181213li-hao-chen","eso_no\20181213li-hao-chen.png"
"train","exo_no","20200611mao-shun-qi","exo_no\20200611mao-shun-qi.png"
"train","eso_no","20191021yu-bo-yu","eso_no\20191021yu-bo-yu.png"
"train","exo_V","20201217liang-yan-wu","exo_V\20201217liang-yan-wu.png"
"test","exo_no","20180402ding-yi-ming","exo_no\20180402ding-yi-ming.png"
"train","exo_V","20200810wang-si-qi","exo_V\20200810wang-si-qi.png"
"test","exo_no","20190103tao-ke-jia","exo_no\20190103tao-ke-jia.png"
"train","exo_no","20170824xu-chuan-lin","exo_no\20170824xu-chuan-lin.png"
"train","exo_no","20200730zhang-yi-xuan","exo_no\20200730zhang-yi-xuan.png"
"train","exo_V","20170817pei-hong-jie","exo_V\20170817pei-hong-jie.png"
"test","exo_V","20181112liu-yue","exo_V\20181112liu-yue.png"
"train","exo_no","20180205yuan-zi-mu","exo_no\20180205yuan-zi-mu.png"
"test","exo_no","20180816wang-jia-yu","exo_no\20180816wang-jia-yu.png"
"test","eso_no","20210114wang-yi-qin","eso_no\20210114wang-yi-qin.png"
"test","exo_no","20180208ye-zi-yan","exo_no\20180208ye-zi-yan.png"
"val","dvd_no","20181015zhou-han-yu","dvd_no\20181015zhou-han-yu.png"
"train","eso_V","20210114li-xin-yan","eso_V\20210114li-xin-yan.png"
"train","exo_V","20170828xiong-ze-xi","exo_V\20170828xiong-ze-xi.png"
"train","exo_no","20180830zhang-yu-han","exo_no\20180830zhang-yu-han.png"
"train","exo_no","20190221yin-shan-lin","exo_no\20190221yin-shan-lin.png"
"train","eso_no","20210325tang-yi-chen","eso_no\20210325tang-yi-chen.png"
"train","eso_no","20190321bai-kun-lin","eso_no\20190321bai-kun-lin.png"
"train","exo_V","20210315zhang-ming-xuan","exo_V\20210315zhang-ming-xuan.png"
"train","eso_no","20180927mao-wei-xin","eso_no\20180927mao-wei-xin.png"
"train","dvd_no","20180208kang-jin-han","dvd_no\20180208kang-jin-han.png"
"train","dvd_no","20201029wang-yi","dvd_no\20201029wang-yi.png"
"train","exo_no","20171211liu-yu-xin","exo_no\20171211liu-yu-xin.png"
"val","exo_A","20190404mou-shan-shan","exo_A\20190404mou-shan-shan.png"
"train","exo_V","20190919zhu-han-min","exo_V\20190919zhu-han-min.png"
"train","exo_V","20200115li-jia-yi","exo_V\20200115li-jia-yi.png"
"val","exo_V","20180816li-xi-hou","exo_V\20180816li-xi-hou.png"
"val","dvd_no","20170817ceng-bo-hong","dvd_no\20170817ceng-bo-hong.png"
"train","exo_no","20170313zhou-yue-ming","exo_no\20170313zhou-yue-ming.png"
"train","exo_V","20190711hu-yu-die","exo_V\20190711hu-yu-die.png"
"train","exo_no","20171113liu-luo-xin","exo_no\20171113liu-luo-xin.png"
"train","exo_V","20201102yang-yi-xuan","exo_V\20201102yang-yi-xuan.png"
"train","exo_V","20180823huang-cheng-lin","exo_V\20180823huang-cheng-lin.png"
"train","exo_no","20181112zhang-yi-chen","exo_no\20181112zhang-yi-chen.png"
"train","exo_no","20170807gu-rui-zhan","exo_no\20170807gu-rui-zhan.png"
"train","exo_no","20200924zhu-chen-tao","exo_no\20200924zhu-chen-tao.png"
"test","exo_no","20171204shen-xin-yi","exo_no\20171204shen-xin-yi.png"
"train","eso_no","20191219zhang-si-yan","eso_no\20191219zhang-si-yan.png"
"train","exo_V","20180208lu-hong-wei","exo_V\20180208lu-hong-wei.png"
"train","exo_no","20170122yang-zi-yue","exo_no\20170122yang-zi-yue.png"
"train","exo_no","20180517shen-xin-yi","exo_no\20180517shen-xin-yi.png"
"train","exo_no","20170710wu-xiao-yu","exo_no\20170710wu-xiao-yu.png"
"train","eso_no","20200730chen-li-hui","eso_no\20200730chen-li-hui.png"
"train","exo_V","20180614dai-heng-shuai","exo_V\20180614dai-heng-shuai.png"
"train","exo_no","20210311wang-jin-yue","exo_no\20210311wang-jin-yue.png"
"train","eso_no","20190124zhang-si-yuan","eso_no\20190124zhang-si-yuan.png"
"train","dvd_no","20180906xue-yi-qi","dvd_no\20180906xue-yi-qi.png"
"val","exo_V","20200917jin-zhi-han","exo_V\20200917jin-zhi-han.png"
"val","exo_no","20190307zhang-jing-nan","exo_no\20190307zhang-jing-nan.png"
"train","exo_no","20180604han-meng-xue","exo_no\20180604han-meng-xue.png"
"train","eso_no","20180326jiang-yi-cheng","eso_no\20180326jiang-yi-cheng.png"
"train","dvd_no","20170803li-hua","dvd_no\20170803li-hua.png"
"train","eso_no","20200109yan-wen-sheng","eso_no\20200109yan-wen-sheng.png"
"val","exo_no","20190909zhang-zhi-xuan","exo_no\20190909zhang-zhi-xuan.png"
"train","exo_V","20181206zhang-jing-rui","exo_V\20181206zhang-jing-rui.png"
"train","exo_no","20180820ji-yu-xin","exo_no\20180820ji-yu-xin.png"
"val","eso_no","20180312zou-jin-chen","eso_no\20180312zou-jin-chen.png"
"val","exo_no","20170724hu-si-jia","exo_no\20170724hu-si-jia.png"
"train","exo_no","20201126zhou-yun-qi","exo_no\20201126zhou-yun-qi.png"
"train","exo_A","20181105wu-yi-zhuo","exo_A\20181105wu-yi-zhuo.png"
"val","eso_no","20180409peng-an-qi","eso_no\20180409peng-an-qi.png"
"train","eso_no","20201026xu-chen-yi","eso_no\20201026xu-chen-yi.png"
"val","exo_no","20180709wu-yu-cheng","exo_no\20180709wu-yu-cheng.png"
"train","exo_V","20191114yan-lei","exo_V\20191114yan-lei.png"
"train","eso_no","20181105huang-yi-han","eso_no\20181105huang-yi-han.png"
"train","eso_V","20171123chen-jia-le","eso_V\20171123chen-jia-le.png"
"train","eso_no","20190321tao-jia-yi","eso_no\20190321tao-jia-yi.png"
"train","exo_no","20200611xu-ji-wen","exo_no\20200611xu-ji-wen.png"
"train","exo_no","20180929zhang-ming-kai","exo_no\20180929zhang-ming-kai.png"
"train","exo_no","20170814guan-jing-yi","exo_no\20170814guan-jing-yi.png"
"test","eso_no","20191209wu-hao-lin","eso_no\20191209wu-hao-lin.png"
"train","exo_no","20170109tang-yu-chen","exo_no\20170109tang-yu-chen.png"
"val","eso_no","20180329li-zi-xuan","eso_no\20180329li-zi-xuan.png"
"test","exo_no","20200827li-zheng-xuan","exo_no\20200827li-zheng-xuan.png"
"train","dvd_no","20180419zhao-pin-yi","dvd_no\20180419zhao-pin-yi.png"
"test","dvd_no","20190708zhang-qi","dvd_no\20190708zhang-qi.png"
"test","eso_no","20180326lu-xiang-yi","eso_no\20180326lu-xiang-yi.png"
"train","exo_V","20191216xue-qian-rui","exo_V\20191216xue-qian-rui.png"
"train","exo_no","20200827li-si-meng","exo_no\20200827li-si-meng.png"
"train","exo_no","20200820wang-wei-ze","exo_no\20200820wang-wei-ze.png"
"train","exo_no","20180517yu-ke-xin","exo_no\20180517yu-ke-xin.png"
"train","exo_V","20170724xia-yi","exo_V\20170724xia-yi.png"
"train","eso_no","20191017fan-qin-chen","eso_no\20191017fan-qin-chen.png"
"val","exo_V","20180607le-shu-yan","exo_V\20180607le-shu-yan.png"
"train","eso_no","20200914hui-si-yan","eso_no\20200914hui-si-yan.png"
"val","exo_no","20210107ye-jing-shu","exo_no\20210107ye-jing-shu.png"
"train","exo_V","20180604ding-yi-fan","exo_V\20180604ding-yi-fan.png"
"train","exo_no","20180719huang-xiao-lin","exo_no\20180719huang-xiao-lin.png"
"test","exo_V","20170112xu-xi-ran","exo_V\20170112xu-xi-ran.png"
"train","eso_no","20170112xu-zhen-liang","eso_no\20170112xu-zhen-liang.png"
"train","eso_no","20180528zhang-ting","eso_no\20180528zhang-ting.png"
"train","exo_no","20190603zheng-wan-xin","exo_no\20190603zheng-wan-xin.png"
"train","exo_V","20210412wang-han-lin","exo_V\20210412wang-han-lin.png"
"test","exo_A","20190729wu-yi-cen","exo_A\20190729wu-yi-cen.png"
"val","eso_no","20190128dai-zi-yue","eso_no\20190128dai-zi-yue.png"
"train","exo_no","20180226shao-shi-han","exo_no\20180226shao-shi-han.png"
"train","exo_no","20171225liu-hao","exo_no\20171225liu-hao.png"
"train","exo_no","20200423xie-teng-yi","exo_no\20200423xie-teng-yi.png"
"train","dvd_no","20210111qin-hao-yu","dvd_no\20210111qin-hao-yu.png"
"train","eso_no","20180823liu-qing-yu","eso_no\20180823liu-qing-yu.png"
"train","eso_V","20210301zong-xin","eso_V\20210301zong-xin.png"
"train","eso_no","20180412wang-peng-yu","eso_no\20180412wang-peng-yu.png"
"val","eso_V","20180524huang-yi-ling","eso_V\20180524huang-yi-ling.png"
"val","exo_V","20170605cai-xin-yi","exo_V\20170605cai-xin-yi.png"
"train","dvd_no","20170116zheng-shun-cong","dvd_no\20170116zheng-shun-cong.png"
"train","eso_no","20180802hu-jian-wen","eso_no\20180802hu-jian-wen.png"
"train","exo_V","20191230wang-qi-kai","exo_V\20191230wang-qi-kai.png"
"val","dvd_no","20190926huang-zi-lu","dvd_no\20190926huang-zi-lu.png"
"train","exo_no","20180326yi-mu-ma-yu-shan-ka-di-er","exo_no\20180326yi-mu-ma-yu-shan-ka-di-er.png"
"train","eso_V","20191202zhou-shi-lei","eso_V\20191202zhou-shi-lei.png"
"train","exo_no","20180927xu-yuan-xi","exo_no\20180927xu-yuan-xi.png"
"val","exo_no","20191031chen-jia-hao","exo_no\20191031chen-jia-hao.png"
"train","eso_no","20200330han-yu-jing","eso_no\20200330han-yu-jing.png"
"train","exo_no","20210318jia-ao","exo_no\20210318jia-ao.png"
"train","exo_no","20180621wang-can","exo_no\20180621wang-can.png"
"test","exo_V","20170810ren-yi-yan","exo_V\20170810ren-yi-yan.png"
"val","exo_no","20210224liu-zi-qi","exo_no\20210224liu-zi-qi.png"
"val","exo_no","20180723zhou-yong-xu","exo_no\20180723zhou-yong-xu.png"
"train","exo_V","20180719yuan-wan-rou","exo_V\20180719yuan-wan-rou.png"
"test","exo_no","20201012jiang-yi-ming","exo_no\20201012jiang-yi-ming.png"
"train","exo_no","20190718zhu-cheng-lan","exo_no\20190718zhu-cheng-lan.png"
"train","exo_no","20200723shi-wei-cheng","exo_no\20200723shi-wei-cheng.png"
"train","eso_no","20190808shi-xin-rui","eso_no\20190808shi-xin-rui.png"
"train","exo_V","20210226zhao-zhe-yi","exo_V\20210226zhao-zhe-yi.png"
"test","exo_V","20190131gong-yu-xuan","exo_V\20190131gong-yu-xuan.png"
"train","eso_V","20171207ni-lan-xi","eso_V\20171207ni-lan-xi.png"
"val","exo_V","20170208zhu-chen-rui","exo_V\20170208zhu-chen-rui.png"
"val","eso_no","20210304tang-tian","eso_no\20210304tang-tian.png"
"val","exo_V","20210128jiang-yi-chen","exo_V\20210128jiang-yi-chen.png"
"test","dvd_no","20190610shi-bo-wen","dvd_no\20190610shi-bo-wen.png"
"val","exo_no","20181008shen-yi-zhen","exo_no\20181008shen-yi-zhen.png"
"train","eso_no","20181227jiang-wei","eso_no\20181227jiang-wei.png"
"train","eso_V","20200525yang-zi-yue","eso_V\20200525yang-zi-yue.png"
"train","exo_no","20190221fan-xin-yu","exo_no\20190221fan-xin-yu.png"
"train","exo_no","20200806wang-zhen-xuan","exo_no\20200806wang-zhen-xuan.png"
"val","exo_no","20190822zhang-xuan","exo_no\20190822zhang-xuan.png"
"train","exo_V","20180507zhang-chen-lai","exo_V\20180507zhang-chen-lai.png"
"train","eso_no","20181115zhang-zhe-lin","eso_no\20181115zhang-zhe-lin.png"
"train","eso_no","20180903yang-yi","eso_no\20180903yang-yi.png"
"train","exo_V","20210201wang-shuai-xin","exo_V\20210201wang-shuai-xin.png"
"train","eso_V","20201228xu-chen-yi","eso_V\20201228xu-chen-yi.png"
"train","exo_V","20190725chen-fei","exo_V\20190725chen-fei.png"
"train","dvd_no","20170720yu-jia-hui","dvd_no\20170720yu-jia-hui.png"
"train","dvd_no","20200917he-xiao-bin","dvd_no\20200917he-xiao-bin.png"
"train","eso_no","20180419zhou-si-cheng","eso_no\20180419zhou-si-cheng.png"
"val","dvd_no","20201112yi-yi","dvd_no\20201112yi-yi.png"
"val","exo_no","20200827wei-xin-ning","exo_no\20200827wei-xin-ning.png"
"test","dvd_no","20180719zhao-yuan-hao","dvd_no\20180719zhao-yuan-hao.png"
"train","exo_no","20200521lv-tian-you","exo_no\20200521lv-tian-you.png"
"val","exo_V","20170112shen-qiu-bei","exo_V\20170112shen-qiu-bei.png"
"train","exo_no","20190829yu-di","exo_no\20190829yu-di.png"
"train","exo_V","20190826zhang-yan-yan","exo_V\20190826zhang-yan-yan.png"
"train","exo_no","20190722kang-ju-wei","exo_no\20190722kang-ju-wei.png"
"train","exo_no","20210415chen-shu-han","exo_no\20210415chen-shu-han.png"
"train","exo_no","20181008li-xin-yu","exo_no\20181008li-xin-yu.png"
"val","exo_no","20190613li-ruo-xi","exo_no\20190613li-ruo-xi.png"
"train","exo_no","20180726wang-jian-wen","exo_no\20180726wang-jian-wen.png"
"train","exo_no","20200629shen-chen-yu","exo_no\20200629shen-chen-yu.png"
"train","eso_no","20181220jiang-hao-wen","eso_no\20181220jiang-hao-wen.png"
"train","exo_V","20170828peng-guo-an","exo_V\20170828peng-guo-an.png"
"test","exo_no","20171109xiong-jie","exo_no\20171109xiong-jie.png"
"train","exo_V","20170814duan-xin-ru","exo_V\20170814duan-xin-ru.png"
"train","exo_no","20170629xu-jing-hang","exo_no\20170629xu-jing-hang.png"
"val","exo_no","20170727ju-yun-fan","exo_no\20170727ju-yun-fan.png"
"train","exo_no","20200820yu-jia-shuo","exo_no\20200820yu-jia-shuo.png"
"train","exo_V","20170807sun-hai-ling","exo_V\20170807sun-hai-ling.png"
"val","exo_A","20170803chen-xu-wen","exo_A\20170803chen-xu-wen.png"
"train","exo_no","20190304qin-jia-le","exo_no\20190304qin-jia-le.png"
"test","exo_no","20191124hong-hao-xuan","exo_no\20191124hong-hao-xuan.png"
"val","exo_no","20180305wang-zi-jie","exo_no\20180305wang-zi-jie.png"
"train","exo_no","20180813hu-wen-xuan","exo_no\20180813hu-wen-xuan.png"
"train","exo_no","20191216lu-jian-mei","exo_no\20191216lu-jian-mei.png"
"train","eso_no","20190107li-jia-jun","eso_no\20190107li-jia-jun.png"
"val","exo_V","20180226ji-meng-jie","exo_V\20180226ji-meng-jie.png"
"train","eso_no","20170119ni-ming","eso_no\20170119ni-ming.png"
"train","exo_no","20190114chen-yu-ling","exo_no\20190114chen-yu-ling.png"
"val","exo_no","20180813li-yuan-yuan","exo_no\20180813li-yuan-yuan.png"
"train","dvd_no","20180621li-mo-ran","dvd_no\20180621li-mo-ran.png"
"train","exo_no","20170612tang-shi-qing","exo_no\20170612tang-shi-qing.png"
"test","eso_no","20200831niu-ya-jing","eso_no\20200831niu-ya-jing.png"
"train","exo_V","20200709mao-yu-ran","exo_V\20200709mao-yu-ran.png"
"train","exo_no","20180709zheng-yu-xin","exo_no\20180709zheng-yu-xin.png"
"train","exo_no","20210412liu-xin-yi","exo_no\20210412liu-xin-yi.png"
"train","exo_V","20190325liu-hao-yu","exo_V\20190325liu-hao-yu.png"
"test","exo_no","20210204wu-meng-qi","exo_no\20210204wu-meng-qi.png"
"val","dvd_no","20190328chen-yi-lin","dvd_no\20190328chen-yi-lin.png"
"val","dvd_no","20170626zuo-chen-xi","dvd_no\20170626zuo-chen-xi.png"
"test","eso_V","20170119yan-teng-fei","eso_V\20170119yan-teng-fei.png"
"train","exo_no","20181217zhu-xiao-man","exo_no\20181217zhu-xiao-man.png"
"val","exo_no","20180927yue-rong-ze","exo_no\20180927yue-rong-ze.png"
"train","exo_A","20170511liu-cui-xia","exo_A\20170511liu-cui-xia.png"
"train","exo_A","20200810wang-xue-bing","exo_A\20200810wang-xue-bing.png"
"train","exo_no","20170814dan-jin-tao","exo_no\20170814dan-jin-tao.png"
"train","exo_no","20180820liu-xing-chen","exo_no\20180820liu-xing-chen.png"
"train","exo_no","20190926li-zong-ao","exo_no\20190926li-zong-ao.png"
"train","exo_no","20180919ding-xin-yu","exo_no\20180919ding-xin-yu.png"
"train","exo_no","20210322zheng-wen-xuan","exo_no\20210322zheng-wen-xuan.png"
"train","exo_no","20190808zhou-yu-xuan","exo_no\20190808zhou-yu-xuan.png"
"val","eso_no","20171009zheng-nuo-ze","eso_no\20171009zheng-nuo-ze.png"
"train","dvd_no","20190916wang-yi-ke","dvd_no\20190916wang-yi-ke.png"
"train","eso_no","20170112he-yun-ze","eso_no\20170112he-yun-ze.png"
"train","exo_no","20180806shi-hao-xuan","exo_no\20180806shi-hao-xuan.png"
"train","exo_V","20190328hu-si-yuan","exo_V\20190328hu-si-yuan.png"
"train","exo_no","20191028mou-jing-zhi","exo_no\20191028mou-jing-zhi.png"
"train","exo_no","20200723zhang-meng-han","exo_no\20200723zhang-meng-han.png"
"train","dvd_no","20190411ji-sen-kai","dvd_no\20190411ji-sen-kai.png"
"train","exo_no","20180719xu-jun-jie","exo_no\20180719xu-jun-jie.png"
"train","exo_no","20181217jin-kai-ze","exo_no\20181217jin-kai-ze.png"
"train","exo_V","20201214li-shi-qi","exo_V\20201214li-shi-qi.png"
"val","exo_no","20170323wang-chao","exo_no\20170323wang-chao.png"
"train","exo_no","20191017wang-kai","exo_no\20191017wang-kai.png"
"val","exo_no","20210322chen-zheng-biao","exo_no\20210322chen-zheng-biao.png"
"train","exo_V","20190909wan-yu-han","exo_V\20190909wan-yu-han.png"
"test","exo_V","20180802zhang-chu-hao","exo_V\20180802zhang-chu-hao.png"
"train","exo_V","20170803ji-ting-ting","exo_V\20170803ji-ting-ting.png"
"train","eso_no","20201102yang-jin-run","eso_no\20201102yang-jin-run.png"
"train","exo_V","20210218lv-jun-ru","exo_V\20210218lv-jun-ru.png"
"train","exo_no","20190613huang-zhi-han","exo_no\20190613huang-zhi-han.png"
"train","exo_A","20190704hong-ru-cheng","exo_A\20190704hong-ru-cheng.png"
"train","exo_no","20200723yuan-sheng-yan","exo_no\20200723yuan-sheng-yan.png"
"train","exo_no","20190131huang-nan","exo_no\20190131huang-nan.png"
"train","exo_V","20170420lu-wen-kang","exo_V\20170420lu-wen-kang.png"
"train","exo_V","20190808chen-xiang-jian","exo_V\20190808chen-xiang-jian.png"
"train","exo_no","20191014cai-xin-tong","exo_no\20191014cai-xin-tong.png"
"val","exo_V","20170330kai-xu","exo_V\20170330kai-xu.png"
"train","exo_V","20180412li-xin","exo_V\20180412li-xin.png"
"test","exo_no","20190919gong-tian-you","exo_no\20190919gong-tian-you.png"
"train","exo_no","20200803mao-kai-qi","exo_no\20200803mao-kai-qi.png"
"train","eso_no","20180122zhang-xing-jia-lin","eso_no\20180122zhang-xing-jia-lin.png"
"train","exo_no","20200813yao-xin","exo_no\20200813yao-xin.png"
"val","exo_V","20170427cai-shen","exo_V\20170427cai-shen.png"
"train","exo_no","20180301zhang-wei-qiang","exo_no\20180301zhang-wei-qiang.png"
"val","exo_no","20170215cheng-xin-hai","exo_no\20170215cheng-xin-hai.png"
"val","exo_no","20210311zhu-yan-long","exo_no\20210311zhu-yan-long.png"
"train","exo_V","20180129li-nian","exo_V\20180129li-nian.png"
"train","exo_no","20180719tao-yan-heng","exo_no\20180719tao-yan-heng.png"
"val","exo_V","20190812cheng-xin-ran","exo_V\20190812cheng-xin-ran.png"
"train","exo_no","20180103ji-jin-yan","exo_no\20180103ji-jin-yan.png"
"train","exo_no","20190307ren-feng-lei","exo_no\20190307ren-feng-lei.png"
"train","exo_no","20170803ruan-jia-nuo","exo_no\20170803ruan-jia-nuo.png"
"train","eso_no","20181213li-xu-lai","eso_no\20181213li-xu-lai.png"
"train","exo_V","20170720wang-zi-yan","exo_V\20170720wang-zi-yan.png"
"val","exo_no","20190620zhang-xin-yao","exo_no\20190620zhang-xin-yao.png"
"train","exo_no","20200326tang-zi-qing","exo_no\20200326tang-zi-qing.png"
"train","exo_A","20190919zhao-shi-han","exo_A\20190919zhao-shi-han.png"
"train","dvd_no","20180903zhang-xu-yao","dvd_no\20180903zhang-xu-yao.png"
"val","exo_no","20190916zhong-hua","exo_no\20190916zhong-hua.png"
"val","exo_no","20190520zheng-wan-xin","exo_no\20190520zheng-wan-xin.png"
"train","exo_no","20180426ding-yi-yun","exo_no\20180426ding-yi-yun.png"
"train","exo_no","20200910yang-xin-yi","exo_no\20200910yang-xin-yi.png"
"train","exo_V","20170313shi-yu-tong","exo_V\20170313shi-yu-tong.png"
"train","exo_no","20180103xiong-tai-lin","exo_no\20180103xiong-tai-lin.png"
"train","eso_no","20170105li-hao-ning","eso_no\20170105li-hao-ning.png"
"train","exo_V","20190422cao-jia-rui","exo_V\20190422cao-jia-rui.png"
"test","exo_A","20200820lu-tao","exo_A\20200820lu-tao.png"
"train","eso_no","20200713qiu-xin-chen","eso_no\20200713qiu-xin-chen.png"
"train","exo_V","20190613ding-zhi-yuan","exo_V\20190613ding-zhi-yuan.png"
"train","eso_no","20191118li-yu-tong","eso_no\20191118li-yu-tong.png"
"val","exo_no","20180301qu-zi-han","exo_no\20180301qu-zi-han.png"
"train","exo_no","20181122ding-min-dao","exo_no\20181122ding-min-dao.png"
"train","exo_V","20170208he-cheng-hao","exo_V\20170208he-cheng-hao.png"
"train","eso_no","20200806zhang-xin-yan","eso_no\20200806zhang-xin-yan.png"
"train","exo_no","20170320wang-ming-sen","exo_no\20170320wang-ming-sen.png"
"val","exo_V","20171120zheng-shu-yao","exo_V\20171120zheng-shu-yao.png"
"train","exo_V","20171102xue-hui-chun","exo_V\20171102xue-hui-chun.png"
"test","eso_no","20200507sun-jie-zheng","eso_no\20200507sun-jie-zheng.png"
"train","eso_no","20170619wang-yi-chen","eso_no\20170619wang-yi-chen.png"
"val","dvd_no","20190725liu-jia-hai","dvd_no\20190725liu-jia-hai.png"
"train","exo_no","20200910zhang-wan-jia","exo_no\20200910zhang-wan-jia.png"
"train","eso_no","20191031pei-you-li","eso_no\20191031pei-you-li.png"
"train","eso_no","20180419gu-yan-ning","eso_no\20180419gu-yan-ning.png"
"train","exo_no","20200604qian-jing-xi","exo_no\20200604qian-jing-xi.png"
"test","exo_no","20200323yang-jin-xi","exo_no\20200323yang-jin-xi.png"
"train","exo_no","20181115chen-zi-han","exo_no\20181115chen-zi-han.png"
"val","exo_V","20171109xiong-si-yao","exo_V\20171109xiong-si-yao.png"
"test","eso_no","20191128pei-you-li","eso_no\20191128pei-you-li.png"
"train","exo_no","20190124lian-ya-xuan","exo_no\20190124lian-ya-xuan.png"
"train","dvd_no","20190228gu-cheng-hao","dvd_no\20190228gu-cheng-hao.png"
"train","exo_no","20180129zhang-wen-lan","exo_no\20180129zhang-wen-lan.png"
"val","exo_no","20180205guo-ye-ru","exo_no\20180205guo-ye-ru.png"
"train","exo_no","20170814huang-cheng-hao","exo_no\20170814huang-cheng-hao.png"
"train","exo_V","20200903fan-pei-xi","exo_V\20200903fan-pei-xi.png"
"train","dvd_no","20180903wang-min","dvd_no\20180903wang-min.png"
"test","eso_no","20180524zhang-ru-yu","eso_no\20180524zhang-ru-yu.png"
"val","exo_no","20200409tang-zhan-yu","exo_no\20200409tang-zhan-yu.png"
"train","dvd_no","20200402yu-tian-yue","dvd_no\20200402yu-tian-yue.png"
"train","eso_no","20200423tan-ze-lin","eso_no\20200423tan-ze-lin.png"
"train","exo_no","20180919chen-si-yi","exo_no\20180919chen-si-yi.png"
"train","exo_V","20170531gao-hong-kang","exo_V\20170531gao-hong-kang.png"
"train","exo_V","20171106yang-jia-rong","exo_V\20171106yang-jia-rong.png"
"train","eso_no","20210222zhu-jun-yi","eso_no\20210222zhu-jun-yi.png"
"train","exo_V","20170720zhang-chen-zhi","exo_V\20170720zhang-chen-zhi.png"
"train","exo_V","20190128wang-jing-bo","exo_V\20190128wang-jing-bo.png"
"train","exo_V","20181018chen-meng","exo_V\20181018chen-meng.png"
"train","exo_V","20180813zhang-guo-bin","exo_V\20180813zhang-guo-bin.png"
"train","exo_V","20170109tang-shu-yu","exo_V\20170109tang-shu-yu.png"
"test","exo_no","20190708ni-hao-ran","exo_no\20190708ni-hao-ran.png"
"train","exo_no","20200716zhu-yun-hao","exo_no\20200716zhu-yun-hao.png"
"test","eso_V","20180604zhou-yi-fan","eso_V\20180604zhou-yi-fan.png"
"train","exo_no","20191021cao-yue-lin","exo_no\20191021cao-yue-lin.png"
"train","exo_V","20170911yang-you-fu","exo_V\20170911yang-you-fu.png"
"test","exo_no","20181025wu-yin-yao","exo_no\20181025wu-yin-yao.png"
"val","eso_no","20180802xu-yun","eso_no\20180802xu-yun.png"
"train","exo_no","20180716zheng-chen-jun","exo_no\20180716zheng-chen-jun.png"
"train","eso_no","20200120he-yu-ming","eso_no\20200120he-yu-ming.png"
"train","exo_V","20170411lei-yu-fei","exo_V\20170411lei-yu-fei.png"
"train","exo_no","20191024zhou-shu-fan","exo_no\20191024zhou-shu-fan.png"
"train","exo_V","20180929gong-jing-heng","exo_V\20180929gong-jing-heng.png"
"test","eso_no","20170220sun-shi-yu","eso_no\20170220sun-shi-yu.png"
"train","eso_no","20180315zhang-yi-fan","eso_no\20180315zhang-yi-fan.png"
"train","exo_V","20180820shu-jun-zhe","exo_V\20180820shu-jun-zhe.png"
"val","eso_no","20200730luo-zi-jun","eso_no\20200730luo-zi-jun.png"
"val","exo_V","20180927chen-si-ming","exo_V\20180927chen-si-ming.png"
"test","eso_V","20170810bai-yu","eso_V\20170810bai-yu.png"
"train","exo_V","20180806miao-xin-yi","exo_V\20180806miao-xin-yi.png"
"val","exo_no","20190606zhang-cai-cai","exo_no\20190606zhang-cai-cai.png"
"train","exo_no","20190606zhang-yi-chi","exo_no\20190606zhang-yi-chi.png"
"train","exo_V","20170928chen-ye-tian","exo_V\20170928chen-ye-tian.png"
"train","exo_no","20180910shen-yi-zhen","exo_no\20180910shen-yi-zhen.png"
"train","dvd_no","20191021yin-ruo-xin","dvd_no\20191021yin-ruo-xin.png"
"train","exo_no","20200611yin-si-han","exo_no\20200611yin-si-han.png"
"val","exo_no","20200706zhang-tong-he","exo_no\20200706zhang-tong-he.png"
"train","exo_no","20180503cai-yu-tong","exo_no\20180503cai-yu-tong.png"
"val","exo_no","20170615liu-yi-nuo","exo_no\20170615liu-yi-nuo.png"
"train","exo_no","20171123chen-you-qi","exo_no\20171123chen-you-qi.png"
"val","exo_V","20200113liu-xin-meng","exo_V\20200113liu-xin-meng.png"
"train","exo_no","20190905he-bo-xuan","exo_no\20190905he-bo-xuan.png"
"train","exo_no","20190617yang-bei-su","exo_no\20190617yang-bei-su.png"
"val","exo_V","20180726li-shan-yu","exo_V\20180726li-shan-yu.png"
"train","exo_V","20171016victor","exo_V\20171016victor.png"
"train","exo_no","20191223liu-si-yi","exo_no\20191223liu-si-yi.png"
"train","exo_no","20200120wen-shuo-yun","exo_no\20200120wen-shuo-yun.png"
"test","exo_V","20171207liu-yi-meng","exo_V\20171207liu-yi-meng.png"
"train","exo_V","20191031wang-si-yu","exo_V\20191031wang-si-yu.png"
"val","eso_no","20200827lei-jun-nan","eso_no\20200827lei-jun-nan.png"
"train","exo_V","20170116xie-zhuo-biao","exo_V\20170116xie-zhuo-biao.png"
"train","eso_no","20180813jin-lin-na","eso_no\20180813jin-lin-na.png"
"train","exo_no","20210408wang-meng-yu","exo_no\20210408wang-meng-yu.png"
"test","exo_no","20190812wu-yu-ze","exo_no\20190812wu-yu-ze.png"
"train","exo_V","20180723chen-he-di","exo_V\20180723chen-he-di.png"
"train","exo_no","20190110wang-si-han","exo_no\20190110wang-si-han.png"
"train","exo_V","20180716liu-hu","exo_V\20180716liu-hu.png"
"train","exo_no","20190822feng-yi-hao","exo_no\20190822feng-yi-hao.png"
"train","exo_no","20181025yang-bei-li","exo_no\20181025yang-bei-li.png"
"val","exo_no","20190711fan-yi-cheng","exo_no\20190711fan-yi-cheng.png"
"train","exo_no","20180122liu-meng-xuan","exo_no\20180122liu-meng-xuan.png"
"train","exo_V","20170320wang-ya-tong","exo_V\20170320wang-ya-tong.png"
"train","eso_no","20200528huang-yi-han","eso_no\20200528huang-yi-han.png"
"val","exo_V","20170828zhu-jing-yuan","exo_V\20170828zhu-jing-yuan.png"
"train","eso_no","20180726li-hong-ji","eso_no\20180726li-hong-ji.png"
"train","eso_V","20170427wang-yan-xu","eso_V\20170427wang-yan-xu.png"
"train","exo_no","20180903xiong-shi-han","exo_no\20180903xiong-shi-han.png"
"train","dvd_no","20181008zhang-xiu-zhe","dvd_no\20181008zhang-xiu-zhe.png"
"train","exo_no","20180528ni-xu-chen","exo_no\20180528ni-xu-chen.png"
"train","dvd_no","20170515chen-zi-qi","dvd_no\20170515chen-zi-qi.png"
"train","exo_no","20170713qiu-yu-chen","exo_no\20170713qiu-yu-chen.png"
"train","exo_no","20180301lu-wei-qi","exo_no\20180301lu-wei-qi.png"
"train","exo_no","20181220xia-zi-hao","exo_no\20181220xia-zi-hao.png"
"train","exo_no","20171106kong-ling-an","exo_no\20171106kong-ling-an.png"
"val","exo_no","20180910feng-kai-yue","exo_no\20180910feng-kai-yue.png"
"train","exo_no","20170504shi-ya-ping","exo_no\20170504shi-ya-ping.png"
"train","dvd_no","20171214hu-jia-yin","dvd_no\20171214hu-jia-yin.png"
"train","exo_V","20201214wu-yu-sheng","exo_V\20201214wu-yu-sheng.png"
"train","eso_no","20170615zhu-zhao-jun","eso_no\20170615zhu-zhao-jun.png"
"train","exo_no","20210128li-xi-you","exo_no\20210128li-xi-you.png"
"train","exo_no","20190905zhang-yuan-fei","exo_no\20190905zhang-yuan-fei.png"
"train","eso_V","20180507yao-jing-yi","eso_V\20180507yao-jing-yi.png"
"test","exo_no","20180712jiang-jing-ya","exo_no\20180712jiang-jing-ya.png"
"val","exo_V","20180716luo-ye-cheng","exo_V\20180716luo-ye-cheng.png"
"train","exo_no","20180129jin-zi-yan","exo_no\20180129jin-zi-yan.png"
"train","exo_V","20170511lin-jia-yi","exo_V\20170511lin-jia-yi.png"
"train","exo_no","20181015zhang-yu-shan","exo_no\20181015zhang-yu-shan.png"
"train","exo_V","20190304sun-yi-xuan","exo_V\20190304sun-yi-xuan.png"
"train","exo_no","20200921wei-yi-nuo","exo_no\20200921wei-yi-nuo.png"
"val","exo_A","20191230wu-jie","exo_A\20191230wu-jie.png"
"train","exo_no","20201109liu-hong-yuan","exo_no\20201109liu-hong-yuan.png"
"train","eso_no","20170411wu-yu-fei","eso_no\20170411wu-yu-fei.png"
"train","exo_V","20180712zhu-yi-nuo","exo_V\20180712zhu-yi-nuo.png"
"val","exo_no","20180614shi-jia-jun","exo_no\20180614shi-jia-jun.png"
"train","eso_V","20190425fang-yi-ning","eso_V\20190425fang-yi-ning.png"
"val","exo_no","20190704chen-kun-hao","exo_no\20190704chen-kun-hao.png"
"train","exo_V","20170406lu-zhuo-ming","exo_V\20170406lu-zhuo-ming.png"
"val","exo_A","20210118yang-xu","exo_A\20210118yang-xu.png"
"train","exo_no","20181018wang-qing-zhu","exo_no\20181018wang-qing-zhu.png"
"test","dvd_no","20180426yu-jia-hui","dvd_no\20180426yu-jia-hui.png"
"train","exo_no","20200928liang-yi-lin","exo_no\20200928liang-yi-lin.png"
"train","eso_no","20190128feng-zi-jun","eso_no\20190128feng-zi-jun.png"
"val","eso_no","20180409chen-jun-hao","eso_no\20180409chen-jun-hao.png"
"train","exo_no","20200702xie-yu-xin","exo_no\20200702xie-yu-xin.png"
"train","exo_V","20210107yu-ming-zhi","exo_V\20210107yu-ming-zhi.png"
"train","exo_no","20170821wang-chang-hao","exo_no\20170821wang-chang-hao.png"
"test","eso_no","20180823tong-wen-jing","eso_no\20180823tong-wen-jing.png"
"train","exo_no","20180201yang-ke","exo_no\20180201yang-ke.png"
"train","exo_V","20171218qu-yi-cheng","exo_V\20171218qu-yi-cheng.png"
"train","exo_V","20171218kong-xi-wei","exo_V\20171218kong-xi-wei.png"
"train","exo_no","20180208xia-xiao-ran","exo_no\20180208xia-xiao-ran.png"
"val","exo_no","20200720zheng-yu-xuan","exo_no\20200720zheng-yu-xuan.png"
"test","exo_no","20191017zhou-yu-yan","exo_no\20191017zhou-yu-yan.png"
"train","exo_V","20201217zhu-ai-yun","exo_V\20201217zhu-ai-yun.png"
"train","exo_no","20170608chen-si-yu","exo_no\20170608chen-si-yu.png"
"train","eso_no","20180326huang-yi-bei","eso_no\20180326huang-yi-bei.png"
"train","eso_no","20171102liu-zi-yun","eso_no\20171102liu-zi-yun.png"
"train","exo_no","20200608yu-zhi-le","exo_no\20200608yu-zhi-le.png"
"test","exo_V","20190221du-qi-zheng","exo_V\20190221du-qi-zheng.png"
"train","exo_V","20190218pan-yi-lin","exo_V\20190218pan-yi-lin.png"
"train","eso_V","20171123ye-xiao-han","eso_V\20171123ye-xiao-han.png"
"train","exo_no","20190819huang-xin-hai","exo_no\20190819huang-xin-hai.png"
"train","exo_V","20190311jiang-li-ci","exo_V\20190311jiang-li-ci.png"
"train","exo_no","20180802yu-zhi-kai","exo_no\20180802yu-zhi-kai.png"
"train","exo_V","20191202huang-yi-chen","exo_V\20191202huang-yi-chen.png"
"train","exo_no","20191021gao-yu-chen","exo_no\20191021gao-yu-chen.png"
"val","eso_V","20170105xu-zi-han","eso_V\20170105xu-zi-han.png"
"train","eso_no","20200903wu-song-bo","eso_no\20200903wu-song-bo.png"
"train","dvd_no","20190930li-yu-fan","dvd_no\20190930li-yu-fan.png"
"train","exo_no","20200806bi-chen-lin","exo_no\20200806bi-chen-lin.png"
"train","dvd_no","20181022zhao-ying-wei","dvd_no\20181022zhao-ying-wei.png"
"train","dvd_no","20180201zhang-zi-fan","dvd_no\20180201zhang-zi-fan.png"
"val","exo_no","20200120wu-shou-bin","exo_no\20200120wu-shou-bin.png"
"train","dvd_no","20201022xu-cheng-xi","dvd_no\20201022xu-cheng-xi.png"
"test","exo_no","20190826wang-hao-min","exo_no\20190826wang-hao-min.png"
"train","eso_no","20210301dai-jia-yi","eso_no\20210301dai-jia-yi.png"
"train","eso_V","20201228su-xin-yi","eso_V\20201228su-xin-yi.png"
"train","dvd_no","20181015lu-rui-han","dvd_no\20181015lu-rui-han.png"
"test","exo_V","20170921li-kai-wen","exo_V\20170921li-kai-wen.png"
"val","exo_no","20181119shi-ya-ping","exo_no\20181119shi-ya-ping.png"
"train","exo_no","20190131xue-qi","exo_no\20190131xue-qi.png"
"train","exo_V","20201224liu-wan-liang","exo_V\20201224liu-wan-liang.png"
"train","exo_V","20180813gu-yuan-yuan","exo_V\20180813gu-yuan-yuan.png"
"train","eso_no","20191124li-zhe","eso_no\20191124li-zhe.png"
"train","eso_no","20200727xia-chen-xi","eso_no\20200727xia-chen-xi.png"
"test","dvd_no","20190909chen-hao-wen","dvd_no\20190909chen-hao-wen.png"
"train","exo_V","20180503lin-yi-xin","exo_V\20180503lin-yi-xin.png"
"train","exo_no","20190715chen-yu-nuo","exo_no\20190715chen-yu-nuo.png"
"train","exo_V","20180524ding-yi-kai","exo_V\20180524ding-yi-kai.png"
"val","exo_A","20200525zhao-shu-yi","exo_A\20200525zhao-shu-yi.png"
"train","exo_no","20210222hou-yue-heng","exo_no\20210222hou-yue-heng.png"
"train","dvd_no","20190610zhang-jin-ao","dvd_no\20190610zhang-jin-ao.png"
"train","exo_no","20180226tai-jing-wen","exo_no\20180226tai-jing-wen.png"
"val","exo_A","20180830wang-lu-ying","exo_A\20180830wang-lu-ying.png"
"train","exo_no","20180830chen-mu-ke","exo_no\20180830chen-mu-ke.png"
"val","exo_no","20181220jiang-cheng-hang","exo_no\20181220jiang-cheng-hang.png"
"val","eso_no","20190114li-fei-ran","eso_no\20190114li-fei-ran.png"
"train","eso_V","20200706lian-mu","eso_V\20200706lian-mu.png"
"train","dvd_no","20181213zhang-jia-yi","dvd_no\20181213zhang-jia-yi.png"
"train","eso_V","20180823li-mu-cong","eso_V\20180823li-mu-cong.png"
"val","exo_no","20181203li-yun-han","exo_no\20181203li-yun-han.png"
"train","exo_no","20200910chen-yong-quan","exo_no\20200910chen-yong-quan.png"
"train","exo_A","20180927zhang-yuan-jin","exo_A\20180927zhang-yuan-jin.png"
"val","exo_no","20170824shen-mai-qi","exo_no\20170824shen-mai-qi.png"
"train","exo_no","20200921zhou-wan-qian","exo_no\20200921zhou-wan-qian.png"
"val","exo_V","20170810sun-zhi-wei","exo_V\20170810sun-zhi-wei.png"
"train","exo_no","20180823zhou-yang-tong","exo_no\20180823zhou-yang-tong.png"
"val","eso_no","20181011ye-ying-luo","eso_no\20181011ye-ying-luo.png"
"train","eso_V","20210118ma-rui-kun","eso_V\20210118ma-rui-kun.png"
"val","exo_no","20180305zhu-jin-xuan","exo_no\20180305zhu-jin-xuan.png"
"val","exo_V","20200109ma-xuan","exo_V\20200109ma-xuan.png"
"test","eso_no","20170907du-shi-han","eso_no\20170907du-shi-han.png"
"train","exo_V","20190722cheng-xin-ran","exo_V\20190722cheng-xin-ran.png"
"val","exo_no","20200528yu-ke-xin","exo_no\20200528yu-ke-xin.png"
"val","exo_V","20190318shi-yi-chen","exo_V\20190318shi-yi-chen.png"
"train","exo_V","20170206sheng-hao","exo_V\20170206sheng-hao.png"
"val","exo_no","20200611sun-xin","exo_no\20200611sun-xin.png"
"train","exo_no","20180611han-jiang-xue","exo_no\20180611han-jiang-xue.png"
"train","exo_no","20190128lv-si-yan","exo_no\20190128lv-si-yan.png"
"val","eso_no","20170817ye-wei-lian","eso_no\20170817ye-wei-lian.png"
"train","exo_V","20170227zhang-xin-ran","exo_V\20170227zhang-xin-ran.png"
"train","exo_no","20200820ke-xin-yue","exo_no\20200820ke-xin-yue.png"
"train","exo_V","20180712wang-yi-xuan","exo_V\20180712wang-yi-xuan.png"
"train","exo_no","20170928tang-xin-lei","exo_no\20170928tang-xin-lei.png"
"val","exo_no","20170928fan-xin-yu","exo_no\20170928fan-xin-yu.png"
"train","exo_V","20201217wu-jun-hao","exo_V\20201217wu-jun-hao.png"
"val","exo_no","20200120zhao-zi-qian","exo_no\20200120zhao-zi-qian.png"
"train","dvd_no","20190926shen-ning-qi","dvd_no\20190926shen-ning-qi.png"
"train","exo_no","20180419liu-ze-song","exo_no\20180419liu-ze-song.png"
"val","exo_no","20180806yang-yun-qin","exo_no\20180806yang-yun-qin.png"
"train","exo_no","20181203qu-xiao-jie","exo_no\20181203qu-xiao-jie.png"
"train","exo_no","20190617li-zi-yan","exo_no\20190617li-zi-yan.png"
"train","eso_no","20190815dan-xi-cheng","eso_no\20190815dan-xi-cheng.png"
"train","exo_no","20170223li-jun-yu","exo_no\20170223li-jun-yu.png"
"train","eso_no","20181220chen-luo-ying","eso_no\20181220chen-luo-ying.png"
"test","exo_V","20190404tao-hong-yu","exo_V\20190404tao-hong-yu.png"
"train","exo_no","20201203he-tian-tian","exo_no\20201203he-tian-tian.png"
"val","exo_no","20180103yang-xin-zhe","exo_no\20180103yang-xin-zhe.png"
"train","exo_no","20190905wang-xue-qing","exo_no\20190905wang-xue-qing.png"
"train","exo_V","20170710lin-bi-tong","exo_V\20170710lin-bi-tong.png"
"train","exo_no","20200730sheng-jia-yi","exo_no\20200730sheng-jia-yi.png"
"test","exo_no","20190819wei-qing-sen","exo_no\20190819wei-qing-sen.png"
"test","eso_V","20180503lu-xiao-yuan","eso_V\20180503lu-xiao-yuan.png"
"val","exo_V","20191128li-qing-xin","exo_V\20191128li-qing-xin.png"
"train","exo_V","20171120xiao-qin-chuan","exo_V\20171120xiao-qin-chuan.png"
"train","exo_no","20190722liao-chen-rui","exo_no\20190722liao-chen-rui.png"
"train","exo_no","20181108wang-ya-nan","exo_no\20181108wang-ya-nan.png"
"val","eso_no","20180723ni-qi-feng","eso_no\20180723ni-qi-feng.png"
"train","exo_V","20200824tang-hao-chen","exo_V\20200824tang-hao-chen.png"
"val","eso_no","20191226chen-hao","eso_no\20191226chen-hao.png"
"train","exo_no","20180716shen-yi-fei","exo_no\20180716shen-yi-fei.png"
"train","eso_no","20200720gong-shu-wen","eso_no\20200720gong-shu-wen.png"
"val","exo_no","20190722zhu-si-yu","exo_no\20190722zhu-si-yu.png"
"train","eso_no","20170116yin-ding-kang","eso_no\20170116yin-ding-kang.png"
"train","exo_no","20181213luo-yu-han","exo_no\20181213luo-yu-han.png"
"train","exo_V","20170727zhou-zi-yu","exo_V\20170727zhou-zi-yu.png"
"val","eso_no","20200702xu-qin-xiang","eso_no\20200702xu-qin-xiang.png"
"train","exo_no","20190812wang-yu-xi","exo_no\20190812wang-yu-xi.png"
"train","eso_no","20171221yao-de-xin","eso_no\20171221yao-de-xin.png"
"train","exo_no","20210322sun-ming-hang","exo_no\20210322sun-ming-hang.png"
"test","exo_no","20180723cao-qi-ming","exo_no\20180723cao-qi-ming.png"
"val","exo_no","20180531li-hao-ran","exo_no\20180531li-hao-ran.png"
"test","exo_no","20191212dong-yu-xuan","exo_no\20191212dong-yu-xuan.png"
"val","exo_V","20210125zhang-hao-chen","exo_V\20210125zhang-hao-chen.png"
"val","exo_V","20170918fang-hao-rui","exo_V\20170918fang-hao-rui.png"
"val","exo_V","20170727yang-ke-xin","exo_V\20170727yang-ke-xin.png"
"test","exo_A","20170724hang-jun-wei","exo_A\20170724hang-jun-wei.png"
"val","eso_no","20170928cai-bi-ting","eso_no\20170928cai-bi-ting.png"
"test","exo_no","20170605qi-hao-ming","exo_no\20170605qi-hao-ming.png"
"val","exo_V","20201026wang-yi-xin","exo_V\20201026wang-yi-xin.png"
"train","exo_no","20171113zhou-zi-mo","exo_no\20171113zhou-zi-mo.png"
"train","exo_V","20190909liu-shi-lan","exo_V\20190909liu-shi-lan.png"
"train","eso_no","20200323huang-jia-wei","eso_no\20200323huang-jia-wei.png"
"val","exo_no","20200903wang-yue-er","exo_no\20200903wang-yue-er.png"
"train","exo_V","20170215xie-yu-xin","exo_V\20170215xie-yu-xin.png"
"val","dvd_no","20191031wang-yi-jia","dvd_no\20191031wang-yi-jia.png"
"val","exo_no","20180315li-shan","exo_no\20180315li-shan.png"
"train","exo_no","20200716yao-xin","exo_no\20200716yao-xin.png"
"train","exo_V","20170119zhou-yi-lei","exo_V\20170119zhou-yi-lei.png"
"train","eso_no","20170911cen-lin-ze","eso_no\20170911cen-lin-ze.png"
"train","exo_no","20190704zhu-xian-jin","exo_no\20190704zhu-xian-jin.png"
"test","exo_V","20190812zhu-wen-jia","exo_V\20190812zhu-wen-jia.png"
"train","exo_no","20171113li-jun-feng","exo_no\20171113li-jun-feng.png"
"train","eso_V","20170427wang-yu-xue","eso_V\20170427wang-yu-xue.png"
"train","exo_no","20190603zhou-jia-ying","exo_no\20190603zhou-jia-ying.png"
"train","eso_no","20180726chen-jia-yi","eso_no\20180726chen-jia-yi.png"
"train","exo_no","20180927you-rui-ying","exo_no\20180927you-rui-ying.png"
"val","dvd_no","20170227yang-yu-xuan","dvd_no\20170227yang-yu-xuan.png"
"train","exo_no","20180716zheng-bo-wen","exo_no\20180716zheng-bo-wen.png"
"train","exo_V","20180528gu-rong-zhe","exo_V\20180528gu-rong-zhe.png"
"train","exo_no","20170208wang-jun-yi","exo_no\20170208wang-jun-yi.png"
"val","eso_no","20180305luan-yi-xuan","eso_no\20180305luan-yi-xuan.png"
"test","eso_no","20171214wang-yi-ran","eso_no\20171214wang-yi-ran.png"
"test","exo_V","20171207xu-jing-hao","exo_V\20171207xu-jing-hao.png"
"train","exo_V","20170119sun-fan-li","exo_V\20170119sun-fan-li.png"
"val","eso_V","20191111yang-wen-qi","eso_V\20191111yang-wen-qi.png"
"train","dvd_no","20201231zhang-ling-xin","dvd_no\20201231zhang-ling-xin.png"
"train","eso_no","20201019dong-yi-nuo","eso_no\20201019dong-yi-nuo.png"
"val","exo_no","20180312cai-xun-jie","exo_no\20180312cai-xun-jie.png"
"train","eso_V","20191111shi-hao-ting","eso_V\20191111shi-hao-ting.png"
"train","exo_no","20190304lin-qian-yi","exo_no\20190304lin-qian-yi.png"
"val","eso_V","20171109huang-zi-xuan","eso_V\20171109huang-zi-xuan.png"
"train","exo_no","20200903song-cheng-jun","exo_no\20200903song-cheng-jun.png"
"train","exo_no","20200921zhu-zhen-xuan","exo_no\20200921zhu-zhen-xuan.png"
"val","exo_no","20180528xu-shao-juan","exo_no\20180528xu-shao-juan.png"
"train","exo_no","20210325zou-ming-yang","exo_no\20210325zou-ming-yang.png"
"train","exo_V","20180510yu-xi-ru","exo_V\20180510yu-xi-ru.png"
"train","exo_no","20180426xie-zhi-xuan","exo_no\20180426xie-zhi-xuan.png"
"test","exo_no","20180312chen-jie-te","exo_no\20180312chen-jie-te.png"
"train","exo_no","20180816ma-zhi-yuan","exo_no\20180816ma-zhi-yuan.png"
"train","exo_no","20170215zhang-xin-yun","exo_no\20170215zhang-xin-yun.png"
"train","exo_no","20200917chen-ling-ling","exo_no\20200917chen-ling-ling.png"
"train","exo_no","20180305zhuang-xiao-yu","exo_no\20180305zhuang-xiao-yu.png"
"train","exo_no","20201015feng-yi-bo","exo_no\20201015feng-yi-bo.png"
"val","dvd_no","20190725su-xu-yin","dvd_no\20190725su-xu-yin.png"
"train","exo_no","20170531geng-wei-cheng","exo_no\20170531geng-wei-cheng.png"
"test","exo_no","20190107li-jin-tian","exo_no\20190107li-jin-tian.png"
"train","exo_no","20180816deng-rui-qin","exo_no\20180816deng-rui-qin.png"
"val","exo_no","2020106zhu-ming-yu","exo_no\2020106zhu-ming-yu.png"
"val","exo_A","20170215han-zi-yang","exo_A\20170215han-zi-yang.png"
"train","exo_no","20170320cao-yu-heng","exo_no\20170320cao-yu-heng.png"
"train","exo_no","20171225gan-xiao-yun","exo_no\20171225gan-xiao-yun.png"
"train","exo_no","20181206mao-yin-wen","exo_no\20181206mao-yin-wen.png"
"val","eso_no","20190722zhang-yi-yan","eso_no\20190722zhang-yi-yan.png"
"train","exo_no","20200820sheng-hai-rong","exo_no\20200820sheng-hai-rong.png"
"train","eso_no","20180517huang-hong-lan","eso_no\20180517huang-hong-lan.png"
"train","eso_no","20191017shen-yu-fang","eso_no\20191017shen-yu-fang.png"
"train","exo_V","20170907ji-zhe","exo_V\20170907ji-zhe.png"
"train","exo_V","20190930song-kai-xin","exo_V\20190930song-kai-xin.png"
"train","exo_no","20190815hong-jun-yi","exo_no\20190815hong-jun-yi.png"
"val","exo_V","20170320yang-mei","exo_V\20170320yang-mei.png"
"train","exo_no","20170504wang-zi-xuan","exo_no\20170504wang-zi-xuan.png"
"train","exo_A","20201231zhang-tong-shou","exo_A\20201231zhang-tong-shou.png"
"train","exo_V","20170821li-qi-jin","exo_V\20170821li-qi-jin.png"
"val","exo_no","20180823li-zhi-yang","exo_no\20180823li-zhi-yang.png"
"val","exo_no","20180712dong-xin-yi","exo_no\20180712dong-xin-yi.png"
"train","eso_V","20190221wu-rui-cheng","eso_V\20190221wu-rui-cheng.png"
"train","eso_no","20201015liu-zi-xuan","eso_no\20201015liu-zi-xuan.png"
"train","eso_no","20180412zhu-xin-yu","eso_no\20180412zhu-xin-yu.png"
"train","exo_V","20170626long-xiao-sheng","exo_V\20170626long-xiao-sheng.png"
"val","exo_no","20171218kang-hao","exo_no\20171218kang-hao.png"
"train","exo_no","20190121zhou-ying-jia","exo_no\20190121zhou-ying-jia.png"
"train","exo_V","20180830zhang-si-yu","exo_V\20180830zhang-si-yu.png"
"val","dvd_no","20191028ge-zi-xuan","dvd_no\20191028ge-zi-xuan.png"
"train","exo_no","20181112wu-yang-yi","exo_no\20181112wu-yang-yi.png"
"val","exo_V","20171026zhan-xin-rui","exo_V\20171026zhan-xin-rui.png"
"train","eso_no","20170309zhu-yuan-yuan","eso_no\20170309zhu-yuan-yuan.png"
"train","exo_no","20210415xie-teng-jie","exo_no\20210415xie-teng-jie.png"
"train","exo_no","20181015yao-xu-li","exo_no\20181015yao-xu-li.png"
"test","eso_no","20200423cui-xiao-yi","eso_no\20200423cui-xiao-yi.png"
"train","exo_no","20190228shen-rong","exo_no\20190228shen-rong.png"
"train","exo_no","20180723jin-yi-die","exo_no\20180723jin-yi-die.png"
"train","eso_no","20210412li-zi-xuan","eso_no\20210412li-zi-xuan.png"
"train","exo_no","20180503yao-yi-meng","exo_no\20180503yao-yi-meng.png"
"train","exo_V","20190318wang-tian-yin","exo_V\20190318wang-tian-yin.png"
"train","exo_no","20200831yuan-zhe","exo_no\20200831yuan-zhe.png"
"test","eso_no","20180201sun-yan","eso_no\20180201sun-yan.png"
"train","exo_no","20190610huang-chen-xi","exo_no\20190610huang-chen-xi.png"
"train","exo_no","20190708sun-lin","exo_no\20190708sun-lin.png"
"train","eso_V","20171123sun-yu-chen","eso_V\20171123sun-yu-chen.png"
"train","exo_no","20190218li-zhen-hong","exo_no\20190218li-zhen-hong.png"
"train","exo_no","20210121gao-chu-yu","exo_no\20210121gao-chu-yu.png"
"train","exo_no","20171211xiang-meng-bo","exo_no\20171211xiang-meng-bo.png"
"train","exo_V","20201210jiang-chen-yue","exo_V\20201210jiang-chen-yue.png"
"train","exo_no","20191118lu-yu-hao","exo_no\20191118lu-yu-hao.png"
"test","exo_V","20190812jiang-wen-yue","exo_V\20190812jiang-wen-yue.png"
"train","exo_no","20170629chen-yue","exo_no\20170629chen-yue.png"
"train","exo_no","20200810lin-er-dang","exo_no\20200810lin-er-dang.png"
"train","eso_no","20170223gu-ke-yin","eso_no\20170223gu-ke-yin.png"
"train","exo_V","20180507qian-bin-chen","exo_V\20180507qian-bin-chen.png"
"val","exo_no","20180315gu-bo-yuan","exo_no\20180315gu-bo-yuan.png"
"train","dvd_no","20190919zhao-bo-wen","dvd_no\20190919zhao-bo-wen.png"
"train","exo_no","20200115qian-zi-yan","exo_no\20200115qian-zi-yan.png"
"train","exo_no","20200618feng-fei","exo_no\20200618feng-fei.png"
"train","dvd_no","20210308liu-xin-tong","dvd_no\20210308liu-xin-tong.png"
"val","exo_no","20171106kong-ling-ping","exo_no\20171106kong-ling-ping.png"
"val","exo_V","20210322du-bo-yan","exo_V\20210322du-bo-yan.png"
"train","exo_V","20190530ding-qin-yi","exo_V\20190530ding-qin-yi.png"
"train","exo_no","20170807tang-sheng-xiang","exo_no\20170807tang-sheng-xiang.png"
"train","exo_no","20200928yang-yi-ning","exo_no\20200928yang-yi-ning.png"
"train","eso_no","20190408zhu-xue","eso_no\20190408zhu-xue.png"
"val","exo_no","20200709wang-en-ming","exo_no\20200709wang-en-ming.png"
"train","exo_V","20180929xiong-rui-qi","exo_V\20180929xiong-rui-qi.png"
"train","exo_A","20170810liu-min-xi","exo_A\20170810liu-min-xi.png"
"train","exo_V","20171214li-zhen-hong","exo_V\20171214li-zhen-hong.png"
"train","exo_no","20200730liu-xin-ru","exo_no\20200730liu-xin-ru.png"
"train","exo_no","20200518zhang-meng-jie","exo_no\20200518zhang-meng-jie.png"
"val","exo_no","20190826liang-kai-yue","exo_no\20190826liang-kai-yue.png"
"val","eso_V","20201203ye-hao-xuan","eso_V\20201203ye-hao-xuan.png"
"train","exo_no","20180611mao-xin-ying","exo_no\20180611mao-xin-ying.png"
"train","exo_no","20180712jiang-ya-wen","exo_no\20180712jiang-ya-wen.png"
"val","exo_no","20191021chen-yi-mei","exo_no\20191021chen-yi-mei.png"
"val","dvd_no","20190422ma-yi-zuo","dvd_no\20190422ma-yi-zuo.png"
"train","exo_no","20200917wang-yi-han","exo_no\20200917wang-yi-han.png"
"train","exo_no","20191223yang-yi-han","exo_no\20191223yang-yi-han.png"
"test","exo_no","20170215guan-jing-yi","exo_no\20170215guan-jing-yi.png"
"train","exo_no","20190729wang-shu-han","exo_no\20190729wang-shu-han.png"
"val","exo_V","20171026li-yu-ming","exo_V\20171026li-yu-ming.png"
"test","exo_no","20190701hu-chu-yue","exo_no\20190701hu-chu-yue.png"
"train","eso_no","20171130yu-bo-wen","eso_no\20171130yu-bo-wen.png"
"test","eso_V","20170907zhou-yu-qing","eso_V\20170907zhou-yu-qing.png"
"train","dvd_no","20170507wang-yu-ru","dvd_no\20170507wang-yu-ru.png"
"train","exo_no","20180906xiao-lei","exo_no\20180906xiao-lei.png"
"train","eso_no","20190107ding-jia-jun","eso_no\20190107ding-jia-jun.png"
"train","exo_no","20180709ao-xiang","exo_no\20180709ao-xiang.png"
"train","eso_no","20190307chen-yi-zhi","eso_no\20190307chen-yi-zhi.png"
"train","exo_no","20181105pan-fu-xin","exo_no\20181105pan-fu-xin.png"
"train","exo_no","20180906wang-xin-yi","exo_no\20180906wang-xin-yi.png"
"train","exo_V","20170828chen-qing-wei","exo_V\20170828chen-qing-wei.png"
"train","dvd_no","20170608cui-hao-xuan","dvd_no\20170608cui-hao-xuan.png"
"train","exo_no","20191216zhou-hao-yang","exo_no\20191216zhou-hao-yang.png"
"train","eso_no","20191124shen-jia-ying","eso_no\20191124shen-jia-ying.png"
"test","exo_V","20180802jian-chang-zhe","exo_V\20180802jian-chang-zhe.png"
"train","exo_no","20190829zhao-ling-long","exo_no\20190829zhao-ling-long.png"
"train","exo_no","20210104xie-hong-rui","exo_no\20210104xie-hong-rui.png"
"val","eso_no","20170821yan-han","eso_no\20170821yan-han.png"
"val","eso_no","20171130ceng-shu-qi","eso_no\20171130ceng-shu-qi.png"
"train","eso_no","20181022zhang-le-qi","eso_no\20181022zhang-le-qi.png"
"test","exo_no","20190704lv-bin","exo_no\20190704lv-bin.png"
"val","exo_no","20181015wang-yan-bo","exo_no\20181015wang-yan-bo.png"
"train","exo_no","20180201hu-nan-xi","exo_no\20180201hu-nan-xi.png"
"train","exo_V","20200806yuan-xu-dong","exo_V\20200806yuan-xu-dong.png"
"val","exo_no","20190905chang-le-han","exo_no\20190905chang-le-han.png"
"train","exo_no","20181025ding-si-chen","exo_no\20181025ding-si-chen.png"
"train","eso_no","20190128song-yang-hui","eso_no\20190128song-yang-hui.png"
"train","eso_no","20180531wu-kai-xuan","eso_no\20180531wu-kai-xuan.png"
"train","exo_A","20171113wang-ming-chen","exo_A\20171113wang-ming-chen.png"
"train","exo_V","20171016sun-bo-qiang","exo_V\20171016sun-bo-qiang.png"
"val","exo_V","20180412shi-min-yue","exo_V\20180412shi-min-yue.png"
"train","exo_no","20180531luo-li-li","exo_no\20180531luo-li-li.png"
"train","exo_no","20171009duan-yu-xin","exo_no\20171009duan-yu-xin.png"
"test","exo_no","20170928wu-jia-min","exo_no\20170928wu-jia-min.png"
"train","exo_no","20190815fang-meng-han","exo_no\20190815fang-meng-han.png"
"train","exo_no","20190228lu-guan-jun","exo_no\20190228lu-guan-jun.png"
"val","exo_V","20200109wang-xin-rui","exo_V\20200109wang-xin-rui.png"
"val","exo_V","20190418song-en-duo","exo_V\20190418song-en-duo.png"
"train","exo_V","20190523chen-xing-lian","exo_V\20190523chen-xing-lian.png"
"train","exo_V","20190425zhu-jin-xin","exo_V\20190425zhu-jin-xin.png"
"train","exo_no","20190815dai-zhang-mi","exo_no\20190815dai-zhang-mi.png"
"train","exo_no","20180205mao-jia-qi","exo_no\20180205mao-jia-qi.png"
"train","exo_V","20180226wang-ya-qing","exo_V\20180226wang-ya-qing.png"
"val","exo_no","20190411chu-yu-hao","exo_no\20190411chu-yu-hao.png"
"val","exo_no","20200521yan-hao-peng","exo_no\20200521yan-hao-peng.png"
"test","exo_no","20190725zhang-lu-jia","exo_no\20190725zhang-lu-jia.png"
"train","exo_no","20190404ge-chen-fei","exo_no\20190404ge-chen-fei.png"
"train","exo_V","20180315ma-wen-jie","exo_V\20180315ma-wen-jie.png"
"train","exo_no","20201112zhang-yu-xuan","exo_no\20201112zhang-yu-xuan.png"
"train","exo_no","20180927zuo-zhi-cheng","exo_no\20180927zuo-zhi-cheng.png"
"train","exo_no","20180806jiang-chen-hang","exo_no\20180806jiang-chen-hang.png"
"train","exo_no","20190701yu-yi-fan","exo_no\20190701yu-yi-fan.png"
"train","eso_V","20170427liu-yue-tong","eso_V\20170427liu-yue-tong.png"
"val","exo_no","20210125wang-yan-xuan","exo_no\20210125wang-yan-xuan.png"
"val","exo_no","20190131wang-yu-jun","exo_no\20190131wang-yu-jun.png"
"train","exo_A","20170206shi-yi-xuan","exo_A\20170206shi-yi-xuan.png"
"train","exo_V","20180823wang-ming-yang","exo_V\20180823wang-ming-yang.png"
"train","exo_no","20200702jiang-ting-ting","exo_no\20200702jiang-ting-ting.png"
"train","exo_no","20200323wei-jia-cheng","exo_no\20200323wei-jia-cheng.png"
"test","exo_no","20191128tang-wei-lin","exo_no\20191128tang-wei-lin.png"
"test","exo_no","20190815chen-yi-xuan","exo_no\20190815chen-yi-xuan.png"
"train","exo_no","20180820xu-xin","exo_no\20180820xu-xin.png"
"train","eso_no","20190919zhou-xin-yuan","eso_no\20190919zhou-xin-yuan.png"
"train","exo_no","20200120wang-shuo-tian","exo_no\20200120wang-shuo-tian.png"
"train","exo_V","20200115liu-wei-lun","exo_V\20200115liu-wei-lun.png"
"train","exo_no","20171113gong-zi-xuan","exo_no\20171113gong-zi-xuan.png"
"val","exo_no","20180726li-ze-qi","exo_no\20180726li-ze-qi.png"
"test","eso_V","20170828zhu-jun-feng","eso_V\20170828zhu-jun-feng.png"
"train","eso_no","20191230ma-qian-nuo","eso_no\20191230ma-qian-nuo.png"
"val","eso_no","20180705wang-yue-xin","eso_no\20180705wang-yue-xin.png"
"train","exo_no","20190704fan-yi-fan","exo_no\20190704fan-yi-fan.png"
"train","exo_no","20201019xu-fei","exo_no\20201019xu-fei.png"
"train","exo_no","20190808min-wen-xuan","exo_no\20190808min-wen-xuan.png"
"train","exo_no","20180813li-zhi-han","exo_no\20180813li-zhi-han.png"
"train","exo_no","20180903ma-jia-yi","exo_no\20180903ma-jia-yi.png"
"train","eso_no","20190606liu-ruo-ling","eso_no\20190606liu-ruo-ling.png"
"train","exo_V","20190228wang-xi-zhi","exo_V\20190228wang-xi-zhi.png"
"val","exo_no","20190321li-yan-zhou","exo_no\20190321li-yan-zhou.png"
"train","exo_no","20191028liu-xuan-cheng","exo_no\20191028liu-xuan-cheng.png"
"train","exo_V","20210408liu-hong-fei","exo_V\20210408liu-hong-fei.png"
"train","eso_no","20200820liu-ruo-han","eso_no\20200820liu-ruo-han.png"
"train","eso_no","20170122zhong-zheng-you","eso_no\20170122zhong-zheng-you.png"
"train","dvd_no","20200706wang-zuo-zuo","dvd_no\20200706wang-zuo-zuo.png"
"train","exo_A","20181206pan-bo-hong","exo_A\20181206pan-bo-hong.png"
"train","eso_no","20210222lin-fan","eso_no\20210222lin-fan.png"
"train","exo_no","20170807zhou-jing-yi","exo_no\20170807zhou-jing-yi.png"
"train","exo_V","20170206zhang-qi-cheng","exo_V\20170206zhang-qi-cheng.png"
"train","eso_no","20190110cai-zi-yan","eso_no\20190110cai-zi-yan.png"
"train","exo_no","20200521zhou-yan-cheng","exo_no\20200521zhou-yan-cheng.png"
"val","eso_no","20181105chen-yi-zhi","eso_no\20181105chen-yi-zhi.png"
"val","exo_A","20190429lu-yi-jie","exo_A\20190429lu-yi-jie.png"
"val","exo_no","20180326wang-meng-xin","exo_no\20180326wang-meng-xin.png"
"train","exo_no","20180103han-xu-fei","exo_no\20180103han-xu-fei.png"
"train","exo_V","20210226dai-yu-zhe","exo_V\20210226dai-yu-zhe.png"
"val","exo_no","20200507wu-si-qi","exo_no\20200507wu-si-qi.png"
"train","exo_no","20180927huang-wen-cheng","exo_no\20180927huang-wen-cheng.png"
"train","eso_no","20200109ma-xin-yu","eso_no\20200109ma-xin-yu.png"
"test","exo_no","20200727ying-jun","exo_no\20200727ying-jun.png"
"test","exo_no","20180129tang-zi-yan","exo_no\20180129tang-zi-yan.png"
"train","dvd_no","20181210wang-hai-bo","dvd_no\20181210wang-hai-bo.png"
"train","exo_no","20170717liu-yun","exo_no\20170717liu-yun.png"
"val","exo_no","20170706zhang-jun-jie","exo_no\20170706zhang-jun-jie.png"
"train","exo_no","20170921wang-yi-lin","exo_no\20170921wang-yi-lin.png"
"train","exo_no","20190131luo-yun","exo_no\20190131luo-yun.png"
"train","exo_no","20181112zhu-yu-mo","exo_no\20181112zhu-yu-mo.png"
"train","exo_no","20170215lu-yi-chen","exo_no\20170215lu-yi-chen.png"
"test","exo_no","20190916lin-ze-yuan","exo_no\20190916lin-ze-yuan.png"
"val","exo_no","20201224li-meng-yao","exo_no\20201224li-meng-yao.png"
"train","exo_no","20190725zhang-yu-xin","exo_no\20190725zhang-yu-xin.png"
"train","exo_V","20180322zhou-zi-qing","exo_V\20180322zhou-zi-qing.png"
"train","exo_V","20190328weng-hao-xin","exo_V\20190328weng-hao-xin.png"
"val","exo_V","20180226luo-yu-wen","exo_V\20180226luo-yu-wen.png"
"train","eso_no","20190715xue-he-tong","eso_no\20190715xue-he-tong.png"
"test","exo_V","20170622shi-jing-hui","exo_V\20170622shi-jing-hui.png"
"train","eso_no","20190418lu-ming-qian","eso_no\20190418lu-ming-qian.png"
"train","exo_no","20201231fang-yun-zheng-ming","exo_no\20201231fang-yun-zheng-ming.png"
"val","exo_V","20210322zhang-mu-ting","exo_V\20210322zhang-mu-ting.png"
"train","exo_no","20170406zhu-ke-xin","exo_no\20170406zhu-ke-xin.png"
"train","exo_V","20170720fu-jin-ming","exo_V\20170720fu-jin-ming.png"
"train","eso_no","20180329chen-dai-yun","eso_no\20180329chen-dai-yun.png"
"train","dvd_no","20200917hua-wan-hui","dvd_no\20200917hua-wan-hui.png"
"train","exo_no","20190523feng-jian-bin","exo_no\20190523feng-jian-bin.png"
"train","dvd_no","20200813chu-yun-xi","dvd_no\20200813chu-yun-xi.png"
"train","exo_no","20200629wu-shang-ze","exo_no\20200629wu-shang-ze.png"
"train","exo_no","20190429li-yu-xuan","exo_no\20190429li-yu-xuan.png"
"train","exo_no","20180802wu-yao-chong","exo_no\20180802wu-yao-chong.png"
"train","eso_no","20190221zhang-jun-yu","eso_no\20190221zhang-jun-yu.png"
"train","eso_no","20180402he-zi-yan","eso_no\20180402he-zi-yan.png"
"test","exo_no","20210304wang-hong-sen","exo_no\20210304wang-hong-sen.png"
"val","exo_V","20170427pan-meng-xi","exo_V\20170427pan-meng-xi.png"
"train","exo_V","20190826jiang-jia-hui","exo_V\20190826jiang-jia-hui.png"
"train","exo_no","20181129yang-qiao-an","exo_no\20181129yang-qiao-an.png"
"train","exo_no","20200803chang-huan","exo_no\20200803chang-huan.png"
"train","eso_no","20190128wang-yan-xu","eso_no\20190128wang-yan-xu.png"
"train","eso_no","20190930du-ruo-tian","eso_no\20190930du-ruo-tian.png"
"val","exo_no","20170928sheng-wei-hua","exo_no\20170928sheng-wei-hua.png"
"train","exo_no","20171214mao-si-yu","exo_no\20171214mao-si-yu.png"
"train","exo_V","20201022wang-qian-yu","exo_V\20201022wang-qian-yu.png"
"train","exo_no","20180712yin-ming-jun","exo_no\20180712yin-ming-jun.png"
"val","exo_V","20180111lu-hong-wei","exo_V\20180111lu-hong-wei.png"
"val","eso_no","20190822shen-xin-yue","eso_no\20190822shen-xin-yue.png"
"val","exo_no","20180611wang-zhi-xuan","exo_no\20180611wang-zhi-xuan.png"
"train","exo_V","20170710shen-lin-wei","exo_V\20170710shen-lin-wei.png"
"train","eso_no","20210111ge-yu-meng","eso_no\20210111ge-yu-meng.png"
"train","dvd_no","20191024feng-rui-ming","dvd_no\20191024feng-rui-ming.png"
"train","exo_no","20181119hu-xiao-ran","exo_no\20181119hu-xiao-ran.png"
"train","dvd_no","20170710zhu-hui","dvd_no\20170710zhu-hui.png"
"train","exo_no","20191205zhao-yu-bo","exo_no\20191205zhao-yu-bo.png"
"train","exo_no","20170831lu-yao","exo_no\20170831lu-yao.png"
"test","exo_no","20200423xu-wen-xuan","exo_no\20200423xu-wen-xuan.png"
"val","exo_no","20190124huang-zi-qi","exo_no\20190124huang-zi-qi.png"
"train","eso_no","20191121chen-xiao-dong","eso_no\20191121chen-xiao-dong.png"
"train","exo_no","20200831wang-yi-zhen","exo_no\20200831wang-yi-zhen.png"
"train","eso_no","20190325chen-qin-xin","eso_no\20190325chen-qin-xin.png"
"val","dvd_no","20190110zhu-bai-cheng","dvd_no\20190110zhu-bai-cheng.png"
"train","exo_no","20181203zhou-ping","exo_no\20181203zhou-ping.png"
"test","exo_V","20180709jin-hao-yang","exo_V\20180709jin-hao-yang.png"
"train","exo_no","20190606zheng-yu-jia","exo_no\20190606zheng-yu-jia.png"
"train","exo_no","20210315yang-sheng-yuan","exo_no\20210315yang-sheng-yuan.png"
"val","exo_no","20170122shen-si-yuan","exo_no\20170122shen-si-yuan.png"
"train","exo_no","20190715qian-hong-xuan","exo_no\20190715qian-hong-xuan.png"
"train","dvd_no","20180709tang-jia-jun","dvd_no\20180709tang-jia-jun.png"
"val","exo_V","20180830zhu-ke-ying","exo_V\20180830zhu-ke-ying.png"
"train","eso_V","20170824ji-miao-miao","eso_V\20170824ji-miao-miao.png"
"train","exo_V","20190422shi-shi-yu","exo_V\20190422shi-shi-yu.png"
"train","exo_V","20170831wang-ze-hao","exo_V\20170831wang-ze-hao.png"
"train","exo_no","20180712yu-zhe","exo_no\20180712yu-zhe.png"
"train","exo_no","20170622ma-mu-qing","exo_no\20170622ma-mu-qing.png"
"test","eso_no","20201102shi-kai-jie","eso_no\20201102shi-kai-jie.png"
"train","dvd_no","20171016song-jie","dvd_no\20171016song-jie.png"
"val","exo_V","20171204tu-han-cheng","exo_V\20171204tu-han-cheng.png"
"val","exo_no","20200924feng-xu-qing","exo_no\20200924feng-xu-qing.png"
"train","exo_no","20200113fang-hao-rui","exo_no\20200113fang-hao-rui.png"
"train","exo_no","20180122bao-ti-ya","exo_no\20180122bao-ti-ya.png"
"train","exo_no","20170810zhao-yi-ting","exo_no\20170810zhao-yi-ting.png"
"train","exo_no","20200120gu-cheng-yu","exo_no\20200120gu-cheng-yu.png"
"train","eso_no","20200910zhang-zi-su","eso_no\20200910zhang-zi-su.png"
"train","eso_no","20170821song-cheng-chen","eso_no\20170821song-cheng-chen.png"
"train","exo_no","20180820gao-ze-jian","exo_no\20180820gao-ze-jian.png"
"val","exo_no","20180205wan-li","exo_no\20180205wan-li.png"
"train","exo_V","20201224li-yi-ran","exo_V\20201224li-yi-ran.png"
"train","exo_A","20190404chen-le-qi","exo_A\20190404chen-le-qi.png"
"train","exo_no","20200709jin-chuan-yun","exo_no\20200709jin-chuan-yun.png"
"train","exo_no","20181108quan-hong-ming","exo_no\20181108quan-hong-ming.png"
"train","exo_no","20190415jiang-xin-yi","exo_no\20190415jiang-xin-yi.png"
"train","dvd_no","20170803lin-kai-shen","dvd_no\20170803lin-kai-shen.png"
"train","eso_no","20170713cheng-yun-xi","eso_no\20170713cheng-yun-xi.png"
"train","eso_no","20200827cao-yin-jia","eso_no\20200827cao-yin-jia.png"
"train","exo_V","20181210xu-jun-han","exo_V\20181210xu-jun-han.png"
"train","exo_V","20201022zhang-zi-xin","exo_V\20201022zhang-zi-xin.png"
"val","exo_no","20190815jiang-xin-yu","exo_no\20190815jiang-xin-yu.png"
"train","eso_no","20170828zhang-meng-hao","eso_no\20170828zhang-meng-hao.png"
"train","exo_no","20200810wang-bai-song","exo_no\20200810wang-bai-song.png"
"train","exo_V","20180809sha-yi-an","exo_V\20180809sha-yi-an.png"
"train","exo_V","20170831liang-ke","exo_V\20170831liang-ke.png"
"train","eso_no","20190708zhang-hong-yuan","eso_no\20190708zhang-hong-yuan.png"
"train","exo_no","20181203hua-wan-ran","exo_no\20181203hua-wan-ran.png"
"train","exo_no","20190701zhou-chen-xi","exo_no\20190701zhou-chen-xi.png"
"train","exo_no","20190418wang-cheng","exo_no\20190418wang-cheng.png"
"train","eso_no","20190311jie-yun-qing","eso_no\20190311jie-yun-qing.png"
"train","exo_no","20180208fu-rong","exo_no\20180208fu-rong.png"
"test","exo_no","20180806wu-yu-yang","exo_no\20180806wu-yu-yang.png"
"val","exo_no","20200409guo-rui-ze","exo_no\20200409guo-rui-ze.png"
"val","exo_no","20180301zhou-yu-chen","exo_no\20180301zhou-yu-chen.png"
"train","exo_V","20180702zhang-qi-hao","exo_V\20180702zhang-qi-hao.png"
"test","exo_no","20170511wang-yi-jie","exo_no\20170511wang-yi-jie.png"
"val","eso_V","20180607chen-yuan","eso_V\20180607chen-yuan.png"
"test","exo_V","20170814jiang-yan-fei","exo_V\20170814jiang-yan-fei.png"
"train","exo_no","20190829gu-xiao-chen","exo_no\20190829gu-xiao-chen.png"
"train","exo_no","20171225xia-shi-han","exo_no\20171225xia-shi-han.png"
"val","exo_V","20170828lu-fa-jun","exo_V\20170828lu-fa-jun.png"
"train","eso_no","20210408shi-chen-kai","eso_no\20210408shi-chen-kai.png"
"val","eso_no","20170626wang-zi-yan","eso_no\20170626wang-zi-yan.png"
"val","eso_no","20190103han-yi","eso_no\20190103han-yi.png"
"train","exo_no","20190114huang-yu-le","exo_no\20190114huang-yu-le.png"
"val","exo_no","20180705jin-zi-yu","exo_no\20180705jin-zi-yu.png"
"val","exo_V","20171102yu-yang","exo_V\20171102yu-yang.png"
"train","exo_A","20190228yan-ru-xiao","exo_A\20190228yan-ru-xiao.png"
"train","exo_no","20200824xu-chen-xuan","exo_no\20200824xu-chen-xuan.png"
"val","exo_no","20170710du-bo-yan","exo_no\20170710du-bo-yan.png"
"val","exo_no","20170525wang-zi-xiao","exo_no\20170525wang-zi-xiao.png"
"val","exo_V","20180702chen-shu-heng","exo_V\20180702chen-shu-heng.png"
"train","exo_no","20210121hu-jun-yi","exo_no\20210121hu-jun-yi.png"
"train","dvd_no","20170605wei-yi-hang","dvd_no\20170605wei-yi-hang.png"
"train","exo_V","20210121zhang-shi-hao","exo_V\20210121zhang-shi-hao.png"
"train","exo_no","20190124zhong-chu-hui","exo_no\20190124zhong-chu-hui.png"
"train","eso_V","20170330zhang-mu-yi","eso_V\20170330zhang-mu-yi.png"
"val","exo_no","20180809wang-si-min","exo_no\20180809wang-si-min.png"
"train","exo_no","20170717yu-li-cheng","exo_no\20170717yu-li-cheng.png"
"train","dvd_no","20190729xie-wei-jia","dvd_no\20190729xie-wei-jia.png"
"train","exo_V","20190812chen-si-yuan","exo_V\20190812chen-si-yuan.png"
"train","dvd_no","20180910zhou-jun-ming","dvd_no\20180910zhou-jun-ming.png"
"train","dvd_no","20190711ai-zi-han","dvd_no\20190711ai-zi-han.png"
"train","exo_no","20180813jiang-dong-hua","exo_no\20180813jiang-dong-hua.png"
"test","exo_no","20171109hu-yu-ying","exo_no\20171109hu-yu-ying.png"
"train","eso_no","20170105gao-cheng-yi","eso_no\20170105gao-cheng-yi.png"
"train","exo_V","20171207yu-hong","exo_V\20171207yu-hong.png"
"train","exo_no","20191014tu-hua","exo_no\20191014tu-hua.png"
"train","exo_no","20190822bian-miao","exo_no\20190822bian-miao.png"
"train","eso_no","20170507gu-yun","eso_no\20170507gu-yun.png"
"train","exo_no","20190715li-min-rong","exo_no\20190715li-min-rong.png"
"train","exo_V","20170116yang-jian-shen","exo_V\20170116yang-jian-shen.png"
"train","exo_no","20180919ding-rui-xuan","exo_no\20180919ding-rui-xuan.png"
"val","exo_no","20171218di-ya-yun","exo_no\20171218di-ya-yun.png"
"train","exo_no","20180816xu-shi-han","exo_no\20180816xu-shi-han.png"
"val","exo_V","20180103wang-yi-wen","exo_V\20180103wang-yi-wen.png"
"train","exo_no","20190704xiao-yi-yi","exo_no\20190704xiao-yi-yi.png"
"train","eso_no","20180201zou-zhong-liang","eso_no\20180201zou-zhong-liang.png"
"val","exo_no","20190617ling-zhen-lu","exo_no\20190617ling-zhen-lu.png"
"val","exo_V","20201130ding-zhao-yang","exo_V\20201130ding-zhao-yang.png"
"train","exo_V","20200115zhu-yi-qi","exo_V\20200115zhu-yi-qi.png"
"train","exo_no","20190729wang-zi-yi","exo_no\20190729wang-zi-yi.png"
"test","exo_no","20170215yang-yan-qi","exo_no\20170215yang-yan-qi.png"
"train","eso_V","20170105su-yi-yi","eso_V\20170105su-yi-yi.png"
"val","exo_no","20180308xue-shi-yi","exo_no\20180308xue-shi-yi.png"
"train","exo_V","20170306xu-zhe-hao","exo_V\20170306xu-zhe-hao.png"
"train","eso_no","20170227qu-lin-yuan","eso_no\20170227qu-lin-yuan.png"
"val","exo_no","20191202sun-yi-ran","exo_no\20191202sun-yi-ran.png"
"train","eso_no","20200706gu-jia-he","eso_no\20200706gu-jia-he.png"
"train","exo_no","20200115hua-zi-ming","exo_no\20200115hua-zi-ming.png"
"test","exo_V","20210329yan-yong-rui","exo_V\20210329yan-yong-rui.png"
"val","eso_no","20191223chang-hao","eso_no\20191223chang-hao.png"
"train","exo_V","20170420zhang-qi-feng","exo_V\20170420zhang-qi-feng.png"
"train","exo_no","20170227liu-zi-mo","exo_no\20170227liu-zi-mo.png"
"train","exo_V","20201012ge-yu-chen","exo_V\20201012ge-yu-chen.png"
"train","eso_no","20171102zhang-yi-ran","eso_no\20171102zhang-yi-ran.png"
"train","exo_no","20200716chen-zhuo","exo_no\20200716chen-zhuo.png"
"train","exo_V","20201109wang-rui-yuan","exo_V\20201109wang-rui-yuan.png"
"train","eso_no","20180719qiao-yang","eso_no\20180719qiao-yang.png"
"test","exo_no","20171120chen-meng-fan","exo_no\20171120chen-meng-fan.png"
"train","exo_no","20180809wang-si-jie","exo_no\20180809wang-si-jie.png"
"train","exo_no","20180712xu-ke-ning","exo_no\20180712xu-ke-ning.png"
"val","exo_V","20180816cai-jin-zhu","exo_V\20180816cai-jin-zhu.png"
"train","exo_no","20170814wang-yang","exo_no\20170814wang-yang.png"
"val","exo_no","20191031mi-zi-xuan","exo_no\20191031mi-zi-xuan.png"
"train","eso_no","20170413du-tian-chen","eso_no\20170413du-tian-chen.png"
"train","exo_no","20180910yao-xin-yan","exo_no\20180910yao-xin-yan.png"
"train","exo_V","20170119sun-chuan-zhou","exo_V\20170119sun-chuan-zhou.png"
"train","exo_no","20170622tang-yi-qi","exo_no\20170622tang-yi-qi.png"
"train","exo_V","20200601yang-yi-xuan","exo_V\20200601yang-yi-xuan.png"
"train","exo_no","20181025shi-zhang-yi-han","exo_no\20181025shi-zhang-yi-han.png"
"train","exo_V","20170921xia-yu-jia","exo_V\20170921xia-yu-jia.png"
"val","exo_V","20170215wang-tao-rui","exo_V\20170215wang-tao-rui.png"
"train","exo_V","20180103zhou-luo-ling","exo_V\20180103zhou-luo-ling.png"
"train","exo_V","20170717ni-ming-jun","exo_V\20170717ni-ming-jun.png"
"test","eso_no","20170928zheng-yu-xuan","eso_no\20170928zheng-yu-xuan.png"
"train","exo_V","20171211wu-yu-rou","exo_V\20171211wu-yu-rou.png"
"train","eso_no","20170828li-lan","eso_no\20170828li-lan.png"
"train","exo_no","20180517liu-yu-chan","exo_no\20180517liu-yu-chan.png"
"train","exo_no","20201224zhang-xin-yin","exo_no\20201224zhang-xin-yin.png"
"train","exo_no","20180705li-yan-ai","exo_no\20180705li-yan-ai.png"
"train","exo_no","20210125qu-qin-yi","exo_no\20210125qu-qin-yi.png"
"train","exo_V","20191216xu-yi-qi","exo_V\20191216xu-yi-qi.png"
"test","exo_no","20170724gu-kai-ning","exo_no\20170724gu-kai-ning.png"
"test","exo_V","20190926chen-yun-di","exo_V\20190926chen-yun-di.png"
"train","exo_no","20181108zhang-jun-hao","exo_no\20181108zhang-jun-hao.png"
"train","exo_A","20190715gu-li-quan","exo_A\20190715gu-li-quan.png"
"train","exo_V","20170112zhou-zi-heng","exo_V\20170112zhou-zi-heng.png"
"val","eso_V","20180702xu-wei-qian","eso_V\20180702xu-wei-qian.png"
"train","eso_no","20181206lin-zi-bo","eso_no\20181206lin-zi-bo.png"
"train","exo_V","20170824dai-wan-jin","exo_V\20170824dai-wan-jin.png"
"train","exo_V","20200817xu-shi-you","exo_V\20200817xu-shi-you.png"
"test","exo_no","20200806wang-chun-xi","exo_no\20200806wang-chun-xi.png"
"train","eso_no","20181210chen-yu-xin","eso_no\20181210chen-yu-xin.png"
"train","eso_no","20190325wu-jia-le","eso_no\20190325wu-jia-le.png"
"val","exo_no","20180919zhu-heng","exo_no\20180919zhu-heng.png"
"val","exo_no","20200817cui-yuan-jun","exo_no\20200817cui-yuan-jun.png"
"train","exo_no","20180419li-xi-yan","exo_no\20180419li-xi-yan.png"
"train","exo_no","20181018xie-yu-xin","exo_no\20181018xie-yu-xin.png"
"val","eso_no","20170814feng-jia-yi","eso_no\20170814feng-jia-yi.png"
"test","exo_no","20200810zhong-xin-chang","exo_no\20200810zhong-xin-chang.png"
"val","exo_no","20200924song-zi-yu","exo_no\20200924song-zi-yu.png"
"test","eso_no","20170605wu-yu-he","eso_no\20170605wu-yu-he.png"
"train","exo_no","20201015he-zhe-min","exo_no\20201015he-zhe-min.png"
"train","exo_V","20200813wu-en-rong","exo_V\20200813wu-en-rong.png"
"train","exo_no","20200827lou-yi-bo","exo_no\20200827lou-yi-bo.png"
"val","eso_no","20191219min-rui","eso_no\20191219min-rui.png"
"train","eso_no","20171130chen-yue-zhou","eso_no\20171130chen-yue-zhou.png"
"train","eso_no","20191111chen-jing-yue","eso_no\20191111chen-jing-yue.png"
"train","eso_no","20180709zhao-zhen","eso_no\20180709zhao-zhen.png"
"train","exo_no","20170713ni-jian-ming","exo_no\20170713ni-jian-ming.png"
"val","exo_no","20170427fan-lin-xi","exo_no\20170427fan-lin-xi.png"
"train","exo_no","20170413gu-xin-ran","exo_no\20170413gu-xin-ran.png"
"train","eso_V","20180315shao-qi-ren","eso_V\20180315shao-qi-ren.png"
"val","exo_V","20180712xing-jin-zhao","exo_V\20180712xing-jin-zhao.png"
"val","exo_no","20200423zhu-wang-yue","exo_no\20200423zhu-wang-yue.png"
"val","exo_no","20170710ma-ming-yang","exo_no\20170710ma-ming-yang.png"
"train","eso_no","20200629wang-xi-yue","eso_no\20200629wang-xi-yue.png"
"train","exo_no","20200723ou-yang-xin-yao","exo_no\20200723ou-yang-xin-yao.png"
"train","exo_V","20181206gao-jing-yi","exo_V\20181206gao-jing-yi.png"
"train","exo_no","20210412chen-jin-xin","exo_no\20210412chen-jin-xin.png"
"train","exo_no","20180906zhu-xuan-hong","exo_no\20180906zhu-xuan-hong.png"
"train","eso_no","20190916sun-rui-chen","eso_no\20190916sun-rui-chen.png"
"train","dvd_no","20191226bao-yong-heng","dvd_no\20191226bao-yong-heng.png"
"train","eso_no","20190711song-yi-heng","eso_no\20190711song-yi-heng.png"
"val","exo_no","20210325zhu-si-yue","exo_no\20210325zhu-si-yue.png"
"val","exo_no","20190701wang-meng-yu","exo_no\20190701wang-meng-yu.png"
"val","exo_no","20190128lu-guang-yi","exo_no\20190128lu-guang-yi.png"
"test","exo_V","20170921song-qiang-qiang","exo_V\20170921song-qiang-qiang.png"
"test","exo_no","20190620qiao-hao-ming","exo_no\20190620qiao-hao-ming.png"
"train","exo_no","20171123fei-yu-xuan","exo_no\20171123fei-yu-xuan.png"
"train","exo_V","20180208wang-jie-fei","exo_V\20180208wang-jie-fei.png"
"train","exo_no","20190325xie-lin-xi","exo_no\20190325xie-lin-xi.png"
"val","eso_no","20170706chen-run-he","eso_no\20170706chen-run-he.png"
"val","exo_V","20171120huang-lei","exo_V\20171120huang-lei.png"
"train","exo_no","20180809guan-xin","exo_no\20180809guan-xin.png"
"train","exo_no","20200402sun-yi-cheng","exo_no\20200402sun-yi-cheng.png"
"train","exo_no","20190124yang-zhi-rou","exo_no\20190124yang-zhi-rou.png"
"train","eso_no","20200806chen-xiang-jian","eso_no\20200806chen-xiang-jian.png"
"train","exo_V","20190408du-rui-xuan","exo_V\20190408du-rui-xuan.png"
"train","dvd_no","20190826xu-jie","dvd_no\20190826xu-jie.png"
"train","exo_no","20190411li-yan-hong","exo_no\20190411li-yan-hong.png"
"train","exo_no","20181119gao-shu-han","exo_no\20181119gao-shu-han.png"
"train","exo_V","20180806zhu-yi-ting","exo_V\20180806zhu-yi-ting.png"
"test","exo_no","20170525shi-yi-lang","exo_no\20170525shi-yi-lang.png"
"train","exo_no","20200813cai-yu-xuan","exo_no\20200813cai-yu-xuan.png"
"train","exo_A","20200813zhang-zheng","exo_A\20200813zhang-zheng.png"
"val","eso_no","20200109liu-nian-nian","eso_no\20200109liu-nian-nian.png"
"train","eso_no","20180813wang-lin-fei","eso_no\20180813wang-lin-fei.png"
"train","dvd_no","20200817ma-ji-xiang","dvd_no\20200817ma-ji-xiang.png"
"train","exo_no","20190926yi-bo-jun","exo_no\20190926yi-bo-jun.png"
"train","exo_no","20200106song-yi-fei","exo_no\20200106song-yi-fei.png"
"train","eso_no","20181213zhu-jin-han","eso_no\20181213zhu-jin-han.png"
"train","dvd_no","20181122xue-jin-jin","dvd_no\20181122xue-jin-jin.png"
"train","eso_no","20190909jie-zhao-yang","eso_no\20190909jie-zhao-yang.png"
"train","exo_no","20200702gao-zhe-chen","exo_no\20200702gao-zhe-chen.png"
"test","exo_no","20201112yang-qian","exo_no\20201112yang-qian.png"
"train","exo_no","20201207gao-ze-yan","exo_no\20201207gao-ze-yan.png"
"train","exo_no","20190228yu-si-cheng","exo_no\20190228yu-si-cheng.png"
"val","eso_no","20170615xie-xin-tian","eso_no\20170615xie-xin-tian.png"
"val","eso_no","20170807lin-jing-hao","eso_no\20170807lin-jing-hao.png"
"train","exo_no","20180903wang-ya-xuan","exo_no\20180903wang-ya-xuan.png"
"val","exo_no","20200827chen-yu-shuo","exo_no\20200827chen-yu-shuo.png"
"train","exo_no","20181101liu-zi-ai","exo_no\20181101liu-zi-ai.png"
"train","exo_V","20190826fan-si-cen","exo_V\20190826fan-si-cen.png"
"train","exo_V","20180809zhou-jun-yi","exo_V\20180809zhou-jun-yi.png"
"train","dvd_no","20180604chen-yu-xin","dvd_no\20180604chen-yu-xin.png"
"train","exo_no","20190715zhao-hong-xiang","exo_no\20190715zhao-hong-xiang.png"
"test","exo_no","20200420wang-qian-ying","exo_no\20200420wang-qian-ying.png"
"train","exo_V","20180507yao-tang-ruo-xin","exo_V\20180507yao-tang-ruo-xin.png"
"train","eso_no","20191128duan-yin-cheng","eso_no\20191128duan-yin-cheng.png"
"train","exo_no","20170928luo-shi-yun","exo_no\20170928luo-shi-yun.png"
"train","exo_V","20180412shi-tong-da","exo_V\20180412shi-tong-da.png"
"train","exo_no","20190909shen-zhe-xuan","exo_no\20190909shen-zhe-xuan.png"
"val","exo_no","20200817ren-yi-yang","exo_no\20200817ren-yi-yang.png"
"train","exo_V","20180129chu-hao-lin","exo_V\20180129chu-hao-lin.png"
"val","exo_V","20191124wu-yu-tong","exo_V\20191124wu-yu-tong.png"
"val","exo_no","20180823gu-ya","exo_no\20180823gu-ya.png"
"val","eso_no","20170511wang-shuo-ying","eso_no\20170511wang-shuo-ying.png"
"train","exo_V","20180820zhang-bo-wen","exo_V\20180820zhang-bo-wen.png"
"val","exo_no","20191128chen-xiao-ran","exo_no\20191128chen-xiao-ran.png"
"val","exo_no","20180820yu-wen-chong","exo_no\20180820yu-wen-chong.png"
"train","exo_no","20170706tang-jian-tao","exo_no\20170706tang-jian-tao.png"
"train","exo_V","20181011jiang-hai-feng","exo_V\20181011jiang-hai-feng.png"
"train","exo_no","20171106guo-jiang-qi","exo_no\20171106guo-jiang-qi.png"
"train","exo_no","20190822zhang-le-han","exo_no\20190822zhang-le-han.png"
"val","eso_no","20181217zhang-zhi-qing","eso_no\20181217zhang-zhi-qing.png"
"train","exo_no","20200831wang-ze-quan","exo_no\20200831wang-ze-quan.png"
"test","eso_no","20180111cai-yi-han","eso_no\20180111cai-yi-han.png"
"val","exo_no","20180709zhang-wen-jing","exo_no\20180709zhang-wen-jing.png"
"train","exo_no","20200713wang-xing-yue","exo_no\20200713wang-xing-yue.png"
"test","exo_no","20180322gu-hao-wen","exo_no\20180322gu-hao-wen.png"
"train","exo_no","20180806zhang-ying","exo_no\20180806zhang-ying.png"
"train","exo_no","20190909li-peng-zhi-yuan","exo_no\20190909li-peng-zhi-yuan.png"
"train","eso_no","20170612huang-jun-xi","eso_no\20170612huang-jun-xi.png"
"test","exo_no","20190708yu-zi-qi","exo_no\20190708yu-zi-qi.png"
"train","exo_V","20200120yan-wen-xin","exo_V\20200120yan-wen-xin.png"
"train","exo_no","20200319jia-ming-de","exo_no\20200319jia-ming-de.png"
"train","exo_no","20210118chen-ming-er","exo_no\20210118chen-ming-er.png"
"train","exo_no","20210218lu-xuan","exo_no\20210218lu-xuan.png"
"train","exo_V","20170413feng-zi-qian","exo_V\20170413feng-zi-qian.png"
"train","eso_no","20180702wang-wen-jin","eso_no\20180702wang-wen-jin.png"
"val","exo_no","20180927wu-yi-qi","exo_no\20180927wu-yi-qi.png"
"test","exo_no","20201102tian-mu-cheng","exo_no\20201102tian-mu-cheng.png"
"val","exo_V","20171009cao-yu-hang","exo_V\20171009cao-yu-hang.png"
"train","exo_V","20191202ye-cui","exo_V\20191202ye-cui.png"
"train","exo_V","20191209song-yi-yang","exo_V\20191209song-yi-yang.png"
"val","exo_no","20190819yang-wan-qing","exo_no\20190819yang-wan-qing.png"
"train","eso_no","20180122zhu-wei","eso_no\20180122zhu-wei.png"
"train","exo_no","20200924zhang-chun-lan","exo_no\20200924zhang-chun-lan.png"
"train","dvd_no","20201130zhang-xi-ya","dvd_no\20201130zhang-xi-ya.png"
"val","exo_no","20210308xia-jing-yu","exo_no\20210308xia-jing-yu.png"
"train","exo_no","20210111zhang-meng-xi","exo_no\20210111zhang-meng-xi.png"
"train","exo_no","20170511han-le-zhi","exo_no\20170511han-le-zhi.png"
"train","exo_no","20200326liu-min-jie","exo_no\20200326liu-min-jie.png"
"train","exo_V","20180122zhu-ya-cheng","exo_V\20180122zhu-ya-cheng.png"
"train","exo_V","20210315han-yu-jin","exo_V\20210315han-yu-jin.png"
"val","exo_no","20181011xu-ke","exo_no\20181011xu-ke.png"
"train","dvd_no","20180702jiao-zi-jun","dvd_no\20180702jiao-zi-jun.png"
"train","exo_V","20180621wang-mu-yun","exo_V\20180621wang-mu-yun.png"
"train","exo_V","20180929zhu-yuan-yuan","exo_V\20180929zhu-yuan-yuan.png"
"val","eso_V","20180514zheng-mu-xi","eso_V\20180514zheng-mu-xi.png"
"val","exo_no","20170907you-dai-fang","exo_no\20170907you-dai-fang.png"
"train","dvd_no","20200910tang-jia-hao","dvd_no\20200910tang-jia-hao.png"
"train","exo_no","20191212chen-yu-zhen","exo_no\20191212chen-yu-zhen.png"
"val","eso_no","20201231lin-yu-xi","eso_no\20201231lin-yu-xi.png"
"train","eso_no","20210224chen-da-wei","eso_no\20210224chen-da-wei.png"
"train","eso_no","20190603xie-xiao-fang","eso_no\20190603xie-xiao-fang.png"
"train","exo_no","20201126bao-ping-an","exo_no\20201126bao-ping-an.png"
"train","exo_no","20200921wang-yi-hong","exo_no\20200921wang-yi-hong.png"
"test","exo_V","20190228xia-xin-yi","exo_V\20190228xia-xin-yi.png"
"train","exo_no","20190722song-zi-chen","exo_no\20190722song-zi-chen.png"
"val","exo_V","20170803zhang-zi-long","exo_V\20170803zhang-zi-long.png"
"train","eso_no","20210218yang-yi","eso_no\20210218yang-yi.png"
"train","exo_no","20200806ning-wei-jie","exo_no\20200806ning-wei-jie.png"
"test","exo_no","20190916liu-yan","exo_no\20190916liu-yan.png"
"train","exo_no","20191014chen-yan-chen","exo_no\20191014chen-yan-chen.png"
"test","exo_no","20190829yan-chen-yu","exo_no\20190829yan-chen-yu.png"
"train","dvd_no","20190121lv-xin-xie","dvd_no\20190121lv-xin-xie.png"
"train","eso_no","20200113pei-yu-cheng","eso_no\20200113pei-yu-cheng.png"
"test","exo_no","20181011zhao-xin","exo_no\20181011zhao-xin.png"
"train","exo_no","20201029gao-shi-hao","exo_no\20201029gao-shi-hao.png"
"train","eso_no","20200824ma-ru-yi","eso_no\20200824ma-ru-yi.png"
"train","exo_no","20170109hu-yu-qi","exo_no\20170109hu-yu-qi.png"
"val","exo_V","20171113li-tong-tong","exo_V\20171113li-tong-tong.png"
"train","exo_A","20200409ma-jia-guang","exo_A\20200409ma-jia-guang.png"
"test","exo_no","20180315xu-zi-yan","exo_no\20180315xu-zi-yan.png"
"train","exo_V","20170316liu-jia-yue","exo_V\20170316liu-jia-yue.png"
"test","exo_no","20180125dong-ji-jie","exo_no\20180125dong-ji-jie.png"
"train","exo_V","20170814deng-zhi-xin","exo_V\20170814deng-zhi-xin.png"
"val","exo_no","20171218yang-yi-qing","exo_no\20171218yang-yi-qing.png"
"train","exo_no","20190718li-yu-fan","exo_no\20190718li-yu-fan.png"
"train","exo_no","20191219jiang-xin-tian","exo_no\20191219jiang-xin-tian.png"
"train","exo_no","20180830li-bo-cheng","exo_no\20180830li-bo-cheng.png"
"train","exo_V","20190909zhao-ze-rui","exo_V\20190909zhao-ze-rui.png"
"train","exo_no","20190103jie-ming-yun","exo_no\20190103jie-ming-yun.png"
"train","exo_no","20180802lei-xin","exo_no\20180802lei-xin.png"
"train","dvd_no","20200813yu-zhi-sen","dvd_no\20200813yu-zhi-sen.png"
"train","exo_no","20180312tang-ming-ze","exo_no\20180312tang-ming-ze.png"
"train","exo_V","20170807cui-hong-guang","exo_V\20170807cui-hong-guang.png"
"train","exo_V","20170323tang-li-hang","exo_V\20170323tang-li-hang.png"
"train","exo_no","20170724ma-si-cheng","exo_no\20170724ma-si-cheng.png"
"train","exo_no","20190822fu-si-jie","exo_no\20190822fu-si-jie.png"
"val","eso_no","20180830wang-zi-yue","eso_no\20180830wang-zi-yue.png"
"test","exo_no","20180830xiang-ling-han","exo_no\20180830xiang-ling-han.png"
"train","exo_no","20171016zhu-zi-guo","exo_no\20171016zhu-zi-guo.png"
"test","eso_no","20171218tian-si-jun","eso_no\20171218tian-si-jun.png"
"val","exo_V","20170504fu-wen-hao","exo_V\20170504fu-wen-hao.png"
"val","exo_V","20200810li-meng-han","exo_V\20200810li-meng-han.png"
"train","eso_no","20191212li-cheng-tao","eso_no\20191212li-cheng-tao.png"
"train","exo_no","20200921shi-ying-tong","exo_no\20200921shi-ying-tong.png"
"train","exo_V","20180903chen-wei","exo_V\20180903chen-wei.png"
"train","exo_A","20190704yao-shu-yu","exo_A\20190704yao-shu-yu.png"
"test","exo_no","20180719wu-ruo-fei","exo_no\20180719wu-ruo-fei.png"
"train","exo_no","20180712chen-gao-cheng","exo_no\20180712chen-gao-cheng.png"
"val","dvd_no","20170626zhang-jia-dong","dvd_no\20170626zhang-jia-dong.png"
"train","exo_no","20170531chen-jun-heng","exo_no\20170531chen-jun-heng.png"
"val","exo_no","20170109you-qi","exo_no\20170109you-qi.png"
"train","eso_no","20200921chen-shuo","eso_no\20200921chen-shuo.png"
"train","exo_V","20200803sun-kai-rui","exo_V\20200803sun-kai-rui.png"
"train","exo_A","20180910tang-yi-chen","exo_A\20180910tang-yi-chen.png"
"train","exo_no","20191017zhou-rui-yang","exo_no\20191017zhou-rui-yang.png"
"train","exo_no","20180816hu-guo-tao","exo_no\20180816hu-guo-tao.png"
"train","exo_no","20200817wang-zi-xuan","exo_no\20200817wang-zi-xuan.png"
"train","dvd_no","20201102wei-meng-sheng","dvd_no\20201102wei-meng-sheng.png"
"train","exo_no","20200115wu-yu-xin","exo_no\20200115wu-yu-xin.png"
"train","exo_no","20190708cao-yi-lin","exo_no\20190708cao-yi-lin.png"
"train","exo_no","20190926gu-shi-li","exo_no\20190926gu-shi-li.png"
"train","exo_V","20180604dong-yi-han","exo_V\20180604dong-yi-han.png"
"val","eso_no","20190701geng-xin-lei","eso_no\20190701geng-xin-lei.png"
"train","exo_no","20170727ling-zhu-sheng","exo_no\20170727ling-zhu-sheng.png"
"train","exo_no","20201126wang-yu-jie","exo_no\20201126wang-yu-jie.png"
"train","exo_no","20190822liu-zi-han","exo_no\20190822liu-zi-han.png"
"train","exo_no","20190725li-yi-hao","exo_no\20190725li-yi-hao.png"
"train","exo_A","20170411ni-yan-ping","exo_A\20170411ni-yan-ping.png"
"train","dvd_no","20170824chen-qi-liang","dvd_no\20170824chen-qi-liang.png"
"train","eso_no","20190131song-xin-chen","eso_no\20190131song-xin-chen.png"
"val","exo_no","20190128song-zi-xing","exo_no\20190128song-zi-xing.png"
"train","exo_V","20180802shi-han-yu","exo_V\20180802shi-han-yu.png"
"val","exo_no","20190617gao-yi-han","exo_no\20190617gao-yi-han.png"
"train","eso_no","20210114wang-yu-tian","eso_no\20210114wang-yu-tian.png"
"train","exo_no","20190408qian-xin-yi","exo_no\20190408qian-xin-yi.png"
"train","exo_V","20180929zu-cheng-xian","exo_V\20180929zu-cheng-xian.png"
"train","exo_no","20190325liu-yi-ting","exo_no\20190325liu-yi-ting.png"
"train","exo_V","20170817wang-sheng-yuan","exo_V\20170817wang-sheng-yuan.png"
"train","exo_no","20190415tang-xin-ze","exo_no\20190415tang-xin-ze.png"
"train","eso_no","20180625feng-yu-han","eso_no\20180625feng-yu-han.png"
"train","eso_V","20170417ren-rui-ze","eso_V\20170417ren-rui-ze.png"
"val","exo_no","20200928ding-you-han","exo_no\20200928ding-you-han.png"
"train","dvd_no","20181119cui-luo-yi","dvd_no\20181119cui-luo-yi.png"
"val","eso_no","20190103cao-bo-jun","eso_no\20190103cao-bo-jun.png"
"val","dvd_no","20191021zhou-jun-ming","dvd_no\20191021zhou-jun-ming.png"
"train","exo_no","20170918fu-xing-yin","exo_no\20170918fu-xing-yin.png"
"train","exo_no","20201015gao-meng-jie","exo_no\20201015gao-meng-jie.png"
"train","exo_V","20181022xue-man-shu","exo_V\20181022xue-man-shu.png"
"test","exo_V","20170105zhang-chuan-tai","exo_V\20170105zhang-chuan-tai.png"
"train","eso_no","20170306chen-miao-han","eso_no\20170306chen-miao-han.png"
"test","exo_V","20170112jiang-tian-qi","exo_V\20170112jiang-tian-qi.png"
"train","exo_no","20180125mei-hai-tian","exo_no\20180125mei-hai-tian.png"
"val","exo_no","20201112li-zi-yu","exo_no\20201112li-zi-yu.png"
"train","dvd_no","20190114xu-yi-hao","dvd_no\20190114xu-yi-hao.png"
"train","exo_V","20170911zhao-jin-ying","exo_V\20170911zhao-jin-ying.png"
"train","eso_no","20170515su-tian-ci","eso_no\20170515su-tian-ci.png"
"test","exo_no","20181101zhang-teng-xi","exo_no\20181101zhang-teng-xi.png"
"val","exo_V","20190404shao-shi-han","exo_V\20190404shao-shi-han.png"
"train","exo_V","20170727zhou-ruo-ying","exo_V\20170727zhou-ruo-ying.png"
"train","eso_no","20180226ou-yang-wen-hao","eso_no\20180226ou-yang-wen-hao.png"
"val","exo_no","20190819he-xie","exo_no\20190819he-xie.png"
"train","dvd_no","20170821zhou-yi-mo","dvd_no\20170821zhou-yi-mo.png"
"train","eso_V","20170313zhang-mu-yi","eso_V\20170313zhang-mu-yi.png"
"train","exo_no","20200716liu-rui-qi","exo_no\20200716liu-rui-qi.png"
"test","eso_no","20210318he-yuan","eso_no\20210318he-yuan.png"
"train","exo_no","20200903xia-tian-you","exo_no\20200903xia-tian-you.png"
"train","exo_A","20191017long-yong-bin","exo_A\20191017long-yong-bin.png"
"train","exo_no","20180507zhang-yu-heng","exo_no\20180507zhang-yu-heng.png"
"train","exo_no","20170309cheng-bo-yue","exo_no\20170309cheng-bo-yue.png"
"train","exo_no","20200120yin-yi-fei","exo_no\20200120yin-yi-fei.png"
"val","eso_no","20201228yu-jia-ling","eso_no\20201228yu-jia-ling.png"
"train","exo_no","20200730lin-si-chen","exo_no\20200730lin-si-chen.png"
"train","dvd_no","20181108wan-ming-yang","dvd_no\20181108wan-ming-yang.png"
"test","exo_no","20201203zheng-hao-xuan","exo_no\20201203zheng-hao-xuan.png"
"train","exo_no","20210301shi-xin-yan","exo_no\20210301shi-xin-yan.png"
"train","eso_V","20171221zhu-yu-qi","eso_V\20171221zhu-yu-qi.png"
"test","eso_no","20181018song-qian-yu-xuan","eso_no\20181018song-qian-yu-xuan.png"
"train","exo_no","20170531lu-yun-zhi","exo_no\20170531lu-yun-zhi.png"
"train","eso_no","20181022zhang-yu-jie","eso_no\20181022zhang-yu-jie.png"
"train","exo_no","20200423chen-an-di","exo_no\20200423chen-an-di.png"
"train","exo_no","20180806liu-shi-xuan","exo_no\20180806liu-shi-xuan.png"
"val","exo_no","20200730yu-xin-yan","exo_no\20200730yu-xin-yan.png"
"train","eso_no","20170316wu-ji-jie","eso_no\20170316wu-ji-jie.png"
"test","eso_no","20190919wang-yi","eso_no\20190919wang-yi.png"
"train","exo_V","20201203li-you-jia","exo_V\20201203li-you-jia.png"
"train","eso_no","20190711jiang-zi-xuan","eso_no\20190711jiang-zi-xuan.png"
"train","exo_no","20170817jiang-kai","exo_no\20170817jiang-kai.png"
"train","exo_V","20180510li-jin-hao","exo_V\20180510li-jin-hao.png"
"train","eso_no","20190603zhang-yi-chen","eso_no\20190603zhang-yi-chen.png"
"train","exo_no","20190708zhou-yi-jun","exo_no\20190708zhou-yi-jun.png"
"train","exo_no","20191024shang-dan","exo_no\20191024shang-dan.png"
"train","exo_no","20180111wang-zi-jun","exo_no\20180111wang-zi-jun.png"
"train","exo_no","20180919miao-yi-cheng","exo_no\20180919miao-yi-cheng.png"
"val","eso_no","20200827chen-lv-zheng","eso_no\20200827chen-lv-zheng.png"
"val","exo_no","20170330lu-jie","exo_no\20170330lu-jie.png"
"train","eso_no","20200608xiao-hui-en","eso_no\20200608xiao-hui-en.png"
"train","exo_no","20180716tang-yue-xin","exo_no\20180716tang-yue-xin.png"
"train","eso_no","20210118gu-xin-yu","eso_no\20210118gu-xin-yu.png"
"train","eso_no","20190808hua-ming-yue","eso_no\20190808hua-ming-yue.png"
"train","exo_no","20181203tang-yi-chen","exo_no\20181203tang-yi-chen.png"
"train","exo_no","20200604yan-jun-jie","exo_no\20200604yan-jun-jie.png"
"train","exo_no","20190701liu-yu-chen","exo_no\20190701liu-yu-chen.png"
"train","exo_no","20191209wang-tian-yue","exo_no\20191209wang-tian-yue.png"
"val","exo_no","20200917fan-jing-wen","exo_no\20200917fan-jing-wen.png"
"train","exo_no","20170515ma-mu-qing","exo_no\20170515ma-mu-qing.png"
"train","exo_no","20171221liu-ya-xin","exo_no\20171221liu-ya-xin.png"
"train","exo_no","20200924xu-hao-ting","exo_no\20200924xu-hao-ting.png"
"train","exo_V","20170907he-yue-xi","exo_V\20170907he-yue-xi.png"
"test","exo_no","20200618hua-zi-yan","exo_no\20200618hua-zi-yan.png"
"train","eso_no","20201022guo-shi-heng","eso_no\20201022guo-shi-heng.png"
"train","exo_no","20170706lu-xuan","exo_no\20170706lu-xuan.png"
"val","exo_no","20200824lei-zi-yi","exo_no\20200824lei-zi-yi.png"
"train","exo_A","20170112yang-yu-ying","exo_A\20170112yang-yu-ying.png"
"train","exo_no","20170413liu-yi-ming","exo_no\20170413liu-yi-ming.png"
"train","exo_A","20171204wang-chen-xi","exo_A\20171204wang-chen-xi.png"
"train","exo_no","20180326wang-wan-ning","exo_no\20180326wang-wan-ning.png"
"train","exo_V","20170316gu-yu-tao","exo_V\20170316gu-yu-tao.png"
"train","exo_V","20180103tao-yi-han","exo_V\20180103tao-yi-han.png"
"val","exo_no","20170411zhao-jia-zhen","exo_no\20170411zhao-jia-zhen.png"
"train","exo_no","20190722hu-han","exo_no\20190722hu-han.png"
"train","exo_no","20180906zheng-ding-kang","exo_no\20180906zheng-ding-kang.png"
"train","exo_A","20170605liu-shi-xuan","exo_A\20170605liu-shi-xuan.png"
"train","exo_V","20200820wu-wen-bo","exo_V\20200820wu-wen-bo.png"
"val","exo_V","20170525yuan-meng","exo_V\20170525yuan-meng.png"
"test","exo_no","20180329chen-yi-xuan","exo_no\20180329chen-yi-xuan.png"
"train","exo_no","20180903zhang-qi","exo_no\20180903zhang-qi.png"
"train","dvd_no","20170507zhao-shi-bo","dvd_no\20170507zhao-shi-bo.png"
"train","exo_V","20180726yan-qi-shu","exo_V\20180726yan-qi-shu.png"
"train","exo_V","20180524shao-jin-tong","exo_V\20180524shao-jin-tong.png"
"train","eso_no","20210322xu-xiao-han","eso_no\20210322xu-xiao-han.png"
"train","exo_no","20200730shen-jiu-huai","exo_no\20200730shen-jiu-huai.png"
"train","exo_V","20170720ji-chen-hui","exo_V\20170720ji-chen-hui.png"
"test","exo_V","20170531pan-ke-ke","exo_V\20170531pan-ke-ke.png"
"train","eso_no","20191226chu-na","eso_no\20191226chu-na.png"
"train","eso_no","20170323zhang-jing-rui","eso_no\20170323zhang-jing-rui.png"
"train","eso_no","20210325gao-yi-xin","eso_no\20210325gao-yi-xin.png"
"train","exo_V","20171102cheng-zi-yun","exo_V\20171102cheng-zi-yun.png"
"train","exo_no","20171130song-ze-han","exo_no\20171130song-ze-han.png"
"train","eso_no","20171130yuan-si-bai","eso_no\20171130yuan-si-bai.png"
"train","exo_no","20190829lu-jia-xin","exo_no\20190829lu-jia-xin.png"
"train","exo_V","20190218zhang-yi-yue","exo_V\20190218zhang-yi-yue.png"
"test","exo_no","20171218zhang-yi-min","exo_no\20171218zhang-yi-min.png"
"val","exo_V","20190103chen-yan-kai","exo_V\20190103chen-yan-kai.png"
"train","dvd_no","20201112yang-hao-ran","dvd_no\20201112yang-hao-ran.png"
"train","exo_V","20180322zheng-zi-jin","exo_V\20180322zheng-zi-jin.png"
"train","exo_V","20191205guo-jia-shang","exo_V\20191205guo-jia-shang.png"
"train","exo_no","20201109yu-ya-nan","exo_no\20201109yu-ya-nan.png"
"train","exo_V","20170824wang-yan-xin","exo_V\20170824wang-yan-xin.png"
"train","exo_no","20180813xie-qin-tong","exo_no\20180813xie-qin-tong.png"
"train","eso_no","20200615wang-an-jin","eso_no\20200615wang-an-jin.png"
"train","exo_V","20180726he-zi-meng","exo_V\20180726he-zi-meng.png"
"val","exo_no","20190930wang-xin-yu","exo_no\20190930wang-xin-yu.png"
"val","eso_no","20201022song-zheng-xuan","eso_no\20201022song-zheng-xuan.png"
"train","eso_no","20200611luo-yue-xiu","eso_no\20200611luo-yue-xiu.png"
"train","eso_no","20170208dai-shi-jie","eso_no\20170208dai-shi-jie.png"
"train","eso_V","20180510pu-hao-xuan","eso_V\20180510pu-hao-xuan.png"
"train","eso_no","20190729li-cheng-tao","eso_no\20190729li-cheng-tao.png"
"train","exo_no","20170907yu-bo-yuan","exo_no\20170907yu-bo-yuan.png"
"train","exo_V","20170220shi-yu-jia","exo_V\20170220shi-yu-jia.png"
"test","exo_no","20190131liu-bo-sheng","exo_no\20190131liu-bo-sheng.png"
"train","eso_V","20171026chou-jun-jie","eso_V\20171026chou-jun-jie.png"
"train","eso_no","20180326chen-yi","eso_no\20180326chen-yi.png"
"val","exo_no","20180312zhang-yu-jie","exo_no\20180312zhang-yu-jie.png"
"test","exo_no","20201029wang-xin-yue","exo_no\20201029wang-xin-yue.png"
"train","dvd_no","20181203wang-pei-yun","dvd_no\20181203wang-pei-yun.png"
"test","exo_no","20210325dong-ling-yun","exo_no\20210325dong-ling-yun.png"
"train","exo_no","20181025han-yu","exo_no\20181025han-yu.png"
"train","exo_no","20180929jiang-yu-han","exo_no\20180929jiang-yu-han.png"
"val","exo_V","20170803zhou-xiang-yang","exo_V\20170803zhou-xiang-yang.png"
"train","exo_V","20180802wang-jia-ling","exo_V\20180802wang-jia-ling.png"
"test","eso_no","20200109wei-yi-yi","eso_no\20200109wei-yi-yi.png"
"train","exo_no","20200319zhang-shi-zhe","exo_no\20200319zhang-shi-zhe.png"
"val","exo_V","20180816huang-yi-fan","exo_V\20180816huang-yi-fan.png"
"train","exo_V","20170724song-zi-han","exo_V\20170724song-zi-han.png"
"test","exo_V","20210114ji-wan-yan","exo_V\20210114ji-wan-yan.png"
"val","exo_V","20171023zhang-yu-chen","exo_V\20171023zhang-yu-chen.png"
"train","eso_no","20180412dong-ruo-chen","eso_no\20180412dong-ruo-chen.png"
"val","exo_no","20190131zhang-zhen-ao","exo_no\20190131zhang-zhen-ao.png"
"train","exo_V","20170227lu-yi-chen","exo_V\20170227lu-yi-chen.png"
"train","exo_no","20170724yang-zhao","exo_no\20170724yang-zhao.png"
"train","exo_no","20180816ma-yi-cheng","exo_no\20180816ma-yi-cheng.png"
"train","exo_no","20190926xu-shi-jia","exo_no\20190926xu-shi-jia.png"
"val","exo_no","20200113wei-zhi-tian","exo_no\20200113wei-zhi-tian.png"
"test","eso_no","20190304cao-le-qi","eso_no\20190304cao-le-qi.png"
"train","exo_V","20170828li-cheng","exo_V\20170828li-cheng.png"
"train","exo_no","20190919wang-jing-ru","exo_no\20190919wang-jing-ru.png"
"train","eso_no","20201112lv-can","eso_no\20201112lv-can.png"
"train","exo_no","20180929zhu-jun-chen","exo_no\20180929zhu-jun-chen.png"
"val","exo_V","20170713tao-juan-ye","exo_V\20170713tao-juan-ye.png"
"test","exo_V","20170119liu-zi-qi","exo_V\20170119liu-zi-qi.png"
"val","exo_V","20170918zou-yi-cheng","exo_V\20170918zou-yi-cheng.png"
"val","exo_no","20190916yin-le-le","exo_no\20190916yin-le-le.png"
"test","exo_no","20180723ma-xing-han","exo_no\20180723ma-xing-han.png"
"train","eso_no","20201102zhang-song-jie","eso_no\20201102zhang-song-jie.png"
"val","exo_V","20180205yu-yi-huan","exo_V\20180205yu-yi-huan.png"
"train","exo_no","20201019chai-an-ran","exo_no\20201019chai-an-ran.png"
"test","eso_no","20201015chen-jia","eso_no\20201015chen-jia.png"
"test","exo_no","20200330ni-yu-jie","exo_no\20200330ni-yu-jie.png"
"train","eso_no","20180322zhang-zi-heng","eso_no\20180322zhang-zi-heng.png"
"train","exo_no","20170122shi-ying-xin","exo_no\20170122shi-ying-xin.png"
"val","exo_V","20170821tan-hong-jie","exo_V\20170821tan-hong-jie.png"
"train","exo_V","20180929yang-yi-fang","exo_V\20180929yang-yi-fang.png"
"val","exo_no","20180702gao-xin-yi","exo_no\20180702gao-xin-yi.png"
"val","exo_no","20210125gu-ling-yi","exo_no\20210125gu-ling-yi.png"
"train","exo_no","20180312li-ting-ting","exo_no\20180312li-ting-ting.png"
"val","exo_V","20180329li-zhao-yang","exo_V\20180329li-zhao-yang.png"
"train","exo_no","20190128xia-yuan-hang","exo_no\20190128xia-yuan-hang.png"
"test","eso_no","20171207wu-jia-qi","eso_no\20171207wu-jia-qi.png"
"test","exo_no","20200416qian-hong-xuan","exo_no\20200416qian-hong-xuan.png"
"val","eso_no","20180709yang-yi-fan","eso_no\20180709yang-yi-fan.png"
"test","exo_no","20200716yan-jia-xin","exo_no\20200716yan-jia-xin.png"
"train","exo_no","20200827huang-jia-qi","exo_no\20200827huang-jia-qi.png"
"train","exo_no","20180305xia-jia-lei","exo_no\20180305xia-jia-lei.png"
"train","exo_V","20201210huang-an-xin","exo_V\20201210huang-an-xin.png"
"val","eso_no","20190826lu-zhe-kai","eso_no\20190826lu-zhe-kai.png"
"train","exo_no","20180719xia-zhi-chen","exo_no\20180719xia-zhi-chen.png"
"val","exo_V","20170821zhou-lin-lin","exo_V\20170821zhou-lin-lin.png"
"test","exo_no","20201012feng-yu-cheng","exo_no\20201012feng-yu-cheng.png"
"train","exo_V","20180723chen-ning-yan","exo_V\20180723chen-ning-yan.png"
"train","exo_no","20191226hu-yu","exo_no\20191226hu-yu.png"
"train","exo_no","20170918tang-yi-yang","exo_no\20170918tang-yi-yang.png"
"val","exo_no","20200917gong-rui-xi","exo_no\20200917gong-rui-xi.png"
"train","exo_no","20200928wang-si-yuan","exo_no\20200928wang-si-yuan.png"
"test","exo_no","20180409wang-jie","exo_no\20180409wang-jie.png"
"train","eso_no","20190916lin-yu-tang","eso_no\20190916lin-yu-tang.png"
"train","exo_no","20170727chen-lu-jia","exo_no\20170727chen-lu-jia.png"
"train","exo_no","20181122wen-wen-bo","exo_no\20181122wen-wen-bo.png"
"train","exo_no","20190812wang-yi-yi","exo_no\20190812wang-yi-yi.png"
"train","exo_no","20170807zhao-jin-zhe","exo_no\20170807zhao-jin-zhe.png"
"train","exo_no","20200910shen-tian-yang","exo_no\20200910shen-tian-yang.png"
"train","exo_V","20201130ni-qin-yan","exo_V\20201130ni-qin-yan.png"
"train","exo_A","20181122huang-meng-xuan","exo_A\20181122huang-meng-xuan.png"
"train","dvd_no","20180426xu-jia-you","dvd_no\20180426xu-jia-you.png"
"train","eso_no","20200409liu-yi-han","eso_no\20200409liu-yi-han.png"
"train","exo_no","20201109bao-ping-an","exo_no\20201109bao-ping-an.png"
"train","exo_no","20190812chen-hao-tian","exo_no\20190812chen-hao-tian.png"
"test","eso_no","20170504lian-wen-yue","eso_no\20170504lian-wen-yue.png"
"train","exo_V","20190218liu-ling-yi","exo_V\20190218liu-ling-yi.png"
"test","exo_no","20170921pan-jia-ming","exo_no\20170921pan-jia-ming.png"
"train","exo_V","20170831lin-wei-ye","exo_V\20170831lin-wei-ye.png"
"train","eso_no","20191216ji-zi-yu","eso_no\20191216ji-zi-yu.png"
"train","exo_no","20171109zhao-rui","exo_no\20171109zhao-rui.png"
"val","eso_no","20180531jin-yi-meng","eso_no\20180531jin-yi-meng.png"
"train","eso_no","20190722wang-meng-han","eso_no\20190722wang-meng-han.png"
"train","exo_no","20180830fang-zi-chen","exo_no\20180830fang-zi-chen.png"
"train","exo_no","20181112zheng-shu-yao","exo_no\20181112zheng-shu-yao.png"
"train","exo_no","20190131zhang-shi-yu","exo_no\20190131zhang-shi-yu.png"
"val","exo_no","20171109huang-xin-meng","exo_no\20171109huang-xin-meng.png"
